flow_duration,Header_Length,Protocol Type,Duration,Rate,Srate,Drate,fin_flag_number,syn_flag_number,rst_flag_number,psh_flag_number,ack_flag_number,ece_flag_number,cwr_flag_number,ack_count,syn_count,fin_count,urg_count,rst_count,HTTP,HTTPS,DNS,Telnet,SMTP,SSH,IRC,TCP,UDP,DHCP,ARP,ICMP,IPv,LLC,Tot sum,Min,Max,AVG,Std,Tot size,Number,Magnitue,Radius,Covariance,Variance,Weight,true_label
0.1002060890197753,275968.4,6.0,81.7,2256.3336401974834,2256.3336401974834,0.0,0.0,0.0,0.0,0.0,1.0,0.0,0.0,0.0,0.0,0.0,69.1,232.6,1.0,0.0,0.0,0.0,0.0,0.0,0.0,1.0,0.0,0.0,0.0,0.0,1.0,1.0,6172.2,75.6,2302.8,933.2673015873016,949.767462632523,1203.6,5.5,40.73035827724881,1343.1740267555958,1135481.673096498,0.9,38.5,BenignTraffic
1.472930121421814,374478.6,6.0,161.3,161.4349456344401,161.4349456344401,0.0,0.0,0.0,0.0,0.0,1.0,0.0,0.0,0.2,2.0,0.0,12.3,276.8,0.0,1.0,0.0,0.0,0.0,0.0,0.0,1.0,0.0,0.0,0.0,0.0,1.0,1.0,1654.8,50.0,556.4,101.26864470110212,128.4712325329668,356.4,13.5,13.606561560938264,166.3068333461646,24689.863096160763,1.0,244.6,BenignTraffic
0.0394983291625976,112.0,6.0,64.0,50.63716791008267,50.63716791008267,0.0,0.0,0.0,1.0,0.0,1.0,0.0,0.0,0.0,1.0,1.0,0.0,1.0,0.0,0.0,0.0,0.0,0.0,0.0,0.0,1.0,0.0,0.0,0.0,0.0,1.0,1.0,837.0,54.0,54.0,54.0,0.0,54.0,13.5,10.392304845413264,0.0,0.0,0.0,244.6,Recon-PortScan
4.170577981472015,120765.85,6.0,74.86,125.92039021374345,125.92039021374345,0.0,0.0,0.0,0.0,0.0,1.0,0.0,0.0,0.22,1.69,0.13,16.7,138.87,0.0,1.0,0.0,0.0,0.0,0.0,0.0,1.0,0.0,0.0,0.0,0.0,1.0,1.0,4302.49,61.05,2179.8,436.7322277782847,624.2216898733216,299.78,9.5,22.34947201993809,883.5531734702113,1989287.1741661413,0.95,141.55,DDoS-SlowLoris
0.6165709233283997,434482.34,17.0,65.91,1274.7257846453256,1274.7257846453256,0.0,0.0,0.0,0.0,0.0,0.0,0.0,0.0,0.0,0.0,0.0,0.0,0.0,0.0,0.0,0.0,0.0,0.0,0.0,0.0,0.0,1.0,0.0,0.0,0.0,1.0,1.0,5755.44,492.44,554.0,545.5833235108545,19.30063946575691,550.76,9.5,33.024044851954216,27.31974892120269,2103.6538594311323,0.19,141.55,Mirai-udpplain
2.005281758308411,472506.0,6.0,231.0,193.23837677348928,193.23837677348928,0.0,0.0,0.0,0.0,0.0,1.0,0.0,0.0,0.0,2.0,0.0,14.0,386.5,0.0,1.0,0.0,0.0,0.0,0.0,0.0,1.0,0.0,0.0,0.0,0.0,1.0,1.0,363.0,66.0,66.0,66.0,0.0,66.0,5.5,11.489125293076055,0.0,0.0,0.0,38.5,BenignTraffic
0.0136477470397949,75.06,6.0,64.0,57.44964649476814,57.44964649476814,0.0,0.0,0.0,0.0,1.0,1.0,0.0,0.0,0.0,0.0,0.39,1.0,1.0,1.0,0.0,0.0,0.0,0.0,0.0,0.0,1.0,0.0,0.0,0.0,0.0,1.0,1.0,567.0,54.0,54.0,54.0,0.0,54.0,9.5,10.392304845413264,0.0,0.0,0.0,141.55,DDoS-PSHACK_Flood
0.032151710987091,6.62,45.46,64.63,2.2746280859265213,2.2746280859265213,0.0,0.0,0.0,0.0,0.0,0.0,0.0,0.0,0.0,0.0,0.0,0.0,0.0,0.0,0.0,0.0,0.0,0.0,0.0,0.0,0.0,0.0,0.0,0.0,0.0,1.0,1.0,5883.46,439.24,572.82,554.6347584924536,42.1116770488804,558.88,9.5,33.20398496723047,59.64518821086342,7264.382580495686,0.26,141.55,Mirai-greip_flood
47.33781247138977,5822.4,7.1,63.1,31.00158301548409,31.00158301548409,0.0,0.0,0.0,0.0,1.0,1.0,0.0,0.0,0.1,1.8,0.0,11.2,24.3,0.0,1.0,0.0,0.0,0.0,0.0,0.0,1.0,0.0,0.0,0.0,0.0,1.0,1.0,1253.9,125.5,731.2,281.0664682539683,230.62173717053207,260.3,5.5,23.06234841975221,326.14838848460977,60304.01321653754,0.9,38.5,Recon-OSScan
0.0,0.0,1.0,64.0,22.97764033340912,22.97764033340912,0.0,0.0,0.0,0.0,0.0,0.0,0.0,0.0,0.0,0.0,0.0,0.0,0.0,0.0,0.0,0.0,0.0,0.0,0.0,0.0,0.0,0.0,0.0,0.0,1.0,1.0,1.0,441.0,42.0,42.0,42.0,0.0,42.0,9.5,9.16515138991168,0.0,0.0,0.0,141.55,DDoS-ICMP_Flood
10.943684220314026,793783.6,5.4,57.6,72.37024753313928,72.37024753313928,0.0,0.0,0.0,0.0,0.0,1.0,0.0,0.0,0.0,0.0,0.0,40.0,792.0,0.0,1.0,0.0,0.0,0.0,0.0,0.0,1.0,0.0,0.0,0.0,0.0,1.0,1.0,15901.2,60.0,2817.2,1003.5438180988258,997.3775513162932,1706.7,13.5,44.60442811425381,1413.5828981194893,1013260.154426395,1.0,244.6,BenignTraffic
0.0,54.0,6.0,64.0,83.59183673469386,83.59183673469386,0.0,1.0,0.0,1.0,0.0,0.0,0.0,0.0,1.0,0.0,1.0,0.0,0.0,0.0,0.0,0.0,0.0,0.0,0.0,0.0,1.0,0.0,0.0,0.0,0.0,1.0,1.0,567.0,54.0,54.0,54.0,0.0,54.0,9.5,10.392304845413264,0.0,0.0,0.0,141.55,DDoS-RSTFINFlood
1.9149735188484192,363151.74,16.55,64.39,145.42023084517913,145.42023084517913,0.0,0.0,0.0,0.0,0.0,0.0,0.0,0.0,0.0,0.05,0.0,0.0,0.03,0.0,0.0,0.0,0.0,0.0,0.0,0.0,0.0,0.0,0.0,0.0,0.0,1.0,1.0,10020.26,392.84,1514.0,993.0479752175928,547.8603214490226,917.56,9.5,44.51413085029275,774.8355442346391,316226.8868479225,0.95,141.55,DDoS-UDP_Fragmentation
19.19042084217072,444806.6,8.2,82.7,78.92380169580166,78.92380169580166,0.0,0.0,0.0,0.0,0.0,1.0,0.0,0.0,0.0,1.2,0.0,90.7,543.2,0.0,1.0,0.0,0.0,0.0,0.0,0.0,1.0,0.0,0.0,0.0,0.0,1.0,1.0,4417.6,50.0,1000.4,255.7910367771204,347.6516172594426,957.0,13.5,21.1962557845985,488.0873003130481,179951.13560652398,1.0,244.6,BenignTraffic
7.937943334579468,2122977.86,17.0,64.0,856.2347548406492,856.2347548406492,0.0,0.0,0.0,0.0,0.0,0.0,0.0,0.0,0.0,0.0,0.0,0.0,0.0,0.0,0.0,0.0,0.0,0.0,0.0,0.0,0.0,1.0,0.0,0.0,0.0,1.0,1.0,5817.0,554.0,554.0,554.0,0.0,554.0,9.5,33.28663395418648,0.0,0.0,0.0,141.55,Mirai-udpplain
2.7487044095993043,268.05,6.0,64.0,4.517031976077034,4.517031976077034,0.0,0.0,0.0,0.0,0.0,1.0,0.0,0.0,0.13,1.43,0.18,0.19,2.8,1.0,0.0,0.0,0.0,0.0,0.0,0.0,1.0,0.0,0.0,0.0,0.0,1.0,1.0,988.92,74.75,181.39,100.46727958999207,39.65237799552565,92.27,9.5,13.693936095639554,55.93869701646359,4345.948440518833,0.88,141.55,DDoS-HTTP_Flood
91.95985774993896,5882671.8,6.0,213.9,63.25460707072866,63.25460707072866,0.0,0.0,0.0,0.0,0.0,1.0,0.0,0.0,0.9,0.0,0.0,260.6,5817.5,0.0,1.0,0.0,0.0,0.0,0.0,0.0,1.0,0.0,0.0,0.0,0.0,1.0,1.0,19617.0,66.0,4410.0,1309.5135470643909,1224.183432702078,66.0,13.5,51.07408875169679,1732.9325226198655,1502056.8055014615,1.0,244.6,BenignTraffic
1.3157293796539309,180820.5,13.7,64.0,112.69274597679204,112.69274597679204,0.0,0.0,0.0,0.0,0.0,0.0,0.0,0.0,0.0,0.0,0.0,3.9,165.9,0.0,0.0,0.0,0.0,0.0,0.0,0.0,0.0,1.0,0.0,0.0,0.0,1.0,1.0,15080.2,46.0,2962.0,993.2245165678833,1136.478637718863,492.9,13.5,44.40647674318361,1609.9294450861323,1297646.700732141,1.0,244.6,BenignTraffic
0.0,54.0,6.0,64.0,120.20646270688545,120.20646270688545,0.0,0.0,1.0,0.0,0.0,0.0,0.0,0.0,0.0,1.0,0.0,0.0,0.0,0.0,0.0,0.0,0.0,0.0,0.0,0.0,1.0,0.0,0.0,0.0,0.0,1.0,1.0,567.0,54.0,54.0,54.0,0.0,54.0,9.5,10.392304845413264,0.0,0.0,0.0,141.55,DDoS-SYN_Flood
0.0,0.0,1.0,64.0,49.190814627166766,49.190814627166766,0.0,0.0,0.0,0.0,0.0,0.0,0.0,0.0,0.0,0.0,0.0,0.0,0.0,0.0,0.0,0.0,0.0,0.0,0.0,0.0,0.0,0.0,0.0,0.0,1.0,1.0,1.0,441.0,42.0,42.0,42.0,0.0,42.0,9.5,9.16515138991168,0.0,0.0,0.0,141.55,DDoS-ICMP_Flood
0.0344578266143798,85.32,5.94,63.36,34.70250846084705,34.70250846084705,0.0,0.0,1.0,0.0,0.0,0.0,0.0,0.0,0.0,1.58,0.0,0.0,0.0,0.0,0.0,0.0,0.0,0.0,0.0,0.0,1.0,0.0,0.0,0.0,0.0,1.0,1.0,567.54,54.0,54.54,54.03467173873598,0.131849806961255,54.06,9.5,10.395650192973603,0.186917911613027,0.1951533929428729,0.09,141.55,DDoS-SynonymousIP_Flood
0.0407864212989807,5.18,46.13,63.83,10.285054559399567,10.285054559399567,0.0,0.0,0.0,0.0,0.0,0.0,0.0,0.0,0.0,0.07,0.0,0.0,0.04,0.0,0.0,0.0,0.0,0.0,0.0,0.0,0.0,0.0,0.0,0.0,0.0,1.0,1.0,6103.0,479.0,592.0,580.0616758962572,32.74084618694376,581.88,9.5,34.04851412383544,46.37914470932921,5212.746371380908,0.22,141.55,Mirai-greeth_flood
18.692411160469057,291941.2,7.1,181.6,69.39364260973022,69.39364260973022,0.0,0.0,0.0,0.0,0.0,1.0,0.0,0.0,0.0,1.6,0.0,85.8,412.6,0.0,1.0,0.0,0.0,0.0,0.0,0.0,1.0,0.0,0.0,0.0,0.0,1.0,1.0,698.8,82.4,358.4,131.54007936507938,95.72455395538148,236.2,5.5,15.935368598650197,135.3749624558156,21973.654031683043,0.9,38.5,BenignTraffic
130.520312666893,9262.8,13.7,170.4,5.50305316020513,5.50305316020513,0.0,0.0,0.0,0.0,0.0,0.0,0.0,0.0,0.4,0.4,0.0,19.6,41.1,0.0,0.0,0.0,0.0,0.0,0.0,0.0,0.0,1.0,0.0,0.0,0.0,1.0,1.0,837.6,54.0,213.0,143.25841269841268,69.64799705592064,157.6,5.5,16.78532820329407,98.49714202860436,5422.157810783572,0.9,38.5,Backdoor_Malware
196.1701376914978,4929.0,10.5,162.7,64528.31286594374,64528.31286594374,0.0,0.0,0.0,0.0,0.0,0.0,0.0,0.0,0.0,0.4,0.0,4.6,18.0,0.0,0.0,0.0,0.0,0.0,0.0,0.0,0.0,0.0,0.0,0.0,0.0,1.0,1.0,771.0,71.6,230.0,153.1209523809524,66.90789149159541,118.8,5.5,17.419049203522956,94.62204757720168,5009.217006802721,0.9,38.5,BrowserHijacking
0.0191050696372985,7487.5,16.84,65.91,11886.924136451647,11886.924136451647,0.0,0.0,0.0,0.0,0.0,0.0,0.0,0.0,0.0,0.0,0.0,0.0,0.0,0.0,0.0,0.0,0.0,0.0,0.0,0.0,0.0,1.0,0.0,0.0,0.0,1.0,1.0,525.8,50.0,50.8,50.04340213278294,0.1811194733477908,50.2,9.5,10.004368934280578,0.2576553703254705,0.8302217971661113,0.04,141.55,DDoS-UDP_Flood
0.3749657940864563,460698.04,16.84,66.49,804.1358955760886,804.1358955760886,0.0,0.0,0.0,0.0,0.0,0.0,0.0,0.0,0.0,0.0,0.0,0.0,0.0,0.0,0.0,0.0,0.0,0.0,0.0,0.0,0.0,0.0,0.0,0.0,0.0,1.0,1.0,9261.18,311.84,1433.36,836.1911123725347,537.7750125288546,922.13,9.5,40.57837095573881,760.4230372595057,308547.0173806327,0.95,141.55,DDoS-UDP_Fragmentation
1279.0391997098925,37167.8,9.3,87.3,0.3155655241269951,0.3155655241269951,0.0,0.0,0.0,0.0,0.0,0.0,0.0,0.0,0.0,0.2,0.0,128.6,256.0,0.0,0.0,0.0,0.0,0.0,0.0,0.0,0.0,0.0,0.0,0.0,0.0,1.0,1.0,506.4,54.0,145.6,82.2663492063492,32.40758475148179,111.3,5.5,12.734789546520965,45.831245879301065,1546.3069407911312,0.9,38.5,Backdoor_Malware
254.63143036365508,1264878.2,15.9,58.1,6.763824540903846,6.763824540903846,0.0,0.0,0.0,0.0,0.0,0.0,0.0,0.0,0.0,0.0,0.0,10.3,20.3,0.0,0.0,0.0,0.0,0.0,0.0,0.0,0.0,1.0,0.0,0.0,0.0,1.0,1.0,3116.9,66.0,373.8,196.1505197743433,105.29155336037492,297.2,13.5,19.71418099580751,148.52194033042042,11358.60855930832,1.0,244.6,MITM-ArpSpoofing
13.447426104545594,973351.0,6.0,97.6,69.49279212020858,69.49279212020858,0.0,0.0,0.0,0.0,0.0,1.0,0.0,0.0,0.0,2.0,0.0,40.0,933.5,0.0,1.0,0.0,0.0,0.0,0.0,0.0,1.0,0.0,0.0,0.0,0.0,1.0,1.0,9051.0,66.0,2962.0,1309.2114285714283,1060.5298822143436,1948.4,5.5,47.54122223768424,1499.815742729466,1413318.7517097504,0.8,38.5,BenignTraffic
0.0,54.0,6.0,64.0,196.6156803000117,196.6156803000117,0.0,0.0,1.0,0.0,0.0,0.0,0.0,0.0,0.0,1.0,0.0,0.0,0.0,0.0,0.0,0.0,0.0,0.0,0.0,0.0,1.0,0.0,0.0,0.0,0.0,1.0,1.0,567.0,54.0,54.0,54.0,0.0,54.0,9.5,10.392304845413264,0.0,0.0,0.0,141.55,DoS-SYN_Flood
0.0019633769989013,68.8,6.0,92.3,322.10740030717017,322.10740030717017,0.0,0.0,1.0,0.0,0.0,0.0,0.0,0.0,0.0,1.0,0.2,0.0,0.2,0.0,0.0,0.0,0.0,0.0,0.0,0.0,1.0,0.0,0.0,0.0,0.0,1.0,1.0,962.8,54.0,135.0,62.30900938887394,19.748946229291768,57.2,13.5,11.164284332679284,27.990803990962405,394.5262070825494,1.0,244.6,Recon-OSScan
5.339706783294678,4021763.0,17.0,64.0,1359.5297038860526,1359.5297038860526,0.0,0.0,0.0,0.0,0.0,0.0,0.0,0.0,0.0,0.0,0.0,0.0,0.0,0.0,0.0,0.0,0.0,0.0,0.0,0.0,0.0,1.0,0.0,0.0,0.0,1.0,1.0,5817.0,554.0,554.0,554.0,0.0,554.0,9.5,33.28663395418648,0.0,0.0,0.0,141.55,Mirai-udpplain
13.21975498199463,19082.8,7.1,61.0,10.59772794902689,10.59772794902689,0.0,0.0,0.0,0.0,0.0,1.0,0.0,0.0,0.0,1.6,0.0,44.9,98.9,0.0,1.0,0.0,0.0,0.0,0.0,0.0,1.0,0.0,0.0,0.0,0.0,1.0,1.0,3312.8,66.0,1948.4,491.7386507936508,675.111500354001,577.4,5.5,28.99087599565649,954.7518399146768,669491.7933468758,0.7,38.5,BenignTraffic
0.0107737493515014,335.42,45.35,64.59,23.34245386125825,23.34245386125825,0.0,0.0,0.0,0.0,0.0,0.0,0.0,0.0,0.0,0.01,0.0,0.0,0.0,0.0,0.0,0.0,0.0,0.0,0.0,0.0,0.0,0.0,0.0,0.0,0.0,1.0,1.0,6184.22,480.1,720.0,593.381738113194,68.74226552236968,584.02,9.5,34.42831792031857,97.36901217698568,13721.63947996093,0.37,141.55,Mirai-greeth_flood
30.22202541828156,1560906.3,6.0,214.3,94.2368220494808,94.2368220494808,0.0,0.0,0.0,0.0,0.0,1.0,0.0,0.0,0.0,1.8,0.0,120.1,1502.5,0.0,1.0,0.0,0.0,0.0,0.0,0.0,1.0,0.0,0.0,0.0,0.0,1.0,1.0,417.0,66.0,120.0,73.6107142857143,18.60834327095048,75.0,5.5,12.12104190883225,26.31617142707229,582.7774234693877,0.6,38.5,BenignTraffic
63.745616579055785,8145.4,6.0,93.5,1.3395212946937087,1.3395212946937087,0.0,0.0,0.0,0.0,0.0,1.0,0.0,0.0,0.5,0.8,0.0,33.9,65.3,0.0,0.0,0.0,0.0,0.0,0.0,0.0,1.0,0.0,0.0,0.0,0.0,1.0,1.0,1519.3,46.0,284.0,97.8064676534336,70.75517563061108,96.3,13.5,13.985131047848627,100.3079758531137,5039.900385186195,1.0,244.6,DictionaryBruteForce
42.80351541042328,3013942.0,6.0,232.0,66.08102097220421,66.08102097220421,0.0,0.0,0.0,0.0,0.0,1.0,0.0,0.0,0.0,0.0,0.0,110.0,2828.5,0.0,1.0,0.0,0.0,0.0,0.0,0.0,1.0,0.0,0.0,0.0,0.0,1.0,1.0,363.0,66.0,66.0,66.0,0.0,66.0,5.5,11.489125293076055,0.0,0.0,0.0,38.5,BenignTraffic
6.014011926651001,253.11,6.0,65.69,1.1475533111604213,1.1475533111604213,0.0,0.0,1.0,0.0,0.0,0.0,0.0,0.0,0.0,1.87,0.86,0.04,0.99,0.0,0.0,0.0,0.0,0.0,0.0,0.0,1.0,0.0,0.0,0.0,0.0,1.0,1.0,776.28,73.28,74.0,73.9537710150187,0.1757997426150066,73.92,9.5,12.161700906153838,0.2492238821507027,0.3469393652317741,0.09,141.55,DoS-HTTP_Flood
17.59018728733063,658334.6,5.5,132.0,37.66741796396509,37.66741796396509,0.0,0.0,0.0,0.0,0.0,1.0,0.0,0.0,0.0,0.0,0.0,87.0,734.4,0.0,1.0,0.0,0.0,0.0,0.0,0.0,1.0,0.0,0.0,0.0,0.0,1.0,1.0,27397.0,78.4,5858.0,1827.8615404847992,1719.8261859394963,112.8,13.5,60.352210199936906,2434.400033192309,2963875.994824233,1.0,244.6,BenignTraffic
108.07465970516203,94152.8,12.0,95.0,5.348432087954212,5.348432087954212,0.0,0.0,0.0,0.0,0.0,0.0,0.0,0.0,0.0,0.0,0.0,221.0,474.6,0.0,0.0,0.0,0.0,0.0,0.0,0.0,0.0,1.0,0.0,0.0,0.0,1.0,1.0,1201.2,50.0,192.0,76.30292210670306,41.33758343550884,102.4,13.5,12.346937539528138,58.63693159437103,1831.612848461148,1.0,244.6,BenignTraffic
0.0096406292915344,58.32,6.0,64.0,17.825750365422337,17.825750365422337,0.0,0.0,1.0,0.0,0.0,0.0,0.0,0.0,0.0,1.08,0.0,0.0,0.0,0.0,0.0,0.0,0.0,0.0,0.0,0.0,1.0,0.0,0.0,0.0,0.0,1.0,1.0,567.0,54.0,54.0,54.0,0.0,54.0,9.5,10.392304845413264,0.0,0.0,0.0,141.55,DDoS-SynonymousIP_Flood
1.371001455783844,8735.47,5.88,62.57,111.7667443751208,111.7667443751208,0.0,0.0,0.0,0.0,0.0,1.0,0.0,0.0,0.13,0.28,0.1,2.05,7.99,1.0,0.0,0.0,0.0,0.0,0.0,0.0,1.0,0.0,0.0,0.0,0.0,1.0,1.0,12424.52,395.24,2513.24,1227.8441370053663,670.7907726054499,1008.95,9.5,47.52725039802535,948.572584930875,560919.1222040781,0.9,141.55,DoS-HTTP_Flood
80.05581207990646,6749.32,8.11,112.64,56.47588420711746,56.47588420711746,0.0,0.0,0.0,0.0,0.0,1.0,0.0,0.0,0.19,1.03,0.0,14.69,29.96,0.0,0.0,0.0,0.0,0.0,0.0,0.0,1.0,0.0,0.0,0.0,0.0,1.0,1.0,1522.7,68.45,461.26,136.1459047357871,114.10704804355788,173.03,9.5,16.01093443969622,161.5876610302836,40895.02904042452,0.95,141.55,VulnerabilityScan
2.11980082988739,476379.0,6.0,164.8,169.11837914229142,169.11837914229142,0.0,0.0,0.0,0.0,0.0,1.0,0.0,0.0,0.0,2.0,0.0,14.0,357.5,0.0,1.0,0.0,0.0,0.0,0.0,0.0,1.0,0.0,0.0,0.0,0.0,1.0,1.0,2832.0,66.0,861.8,166.5723414970822,247.3016731620348,645.2,13.5,17.277774879941312,342.7252924662222,93470.41036688884,1.0,244.6,BenignTraffic
0.0304658389091491,6.76,1.13,61.93,31.282091829322244,31.282091829322244,0.0,0.0,0.0,0.0,0.0,0.0,0.0,0.0,0.0,0.0,0.0,0.0,0.0,0.0,0.0,0.0,0.0,0.0,0.0,0.0,0.0,0.0,0.0,0.0,1.0,1.0,1.0,9493.1,282.58,1479.44,896.6886622477538,555.468492418929,904.93,9.5,42.19139448991093,785.6094989849049,325361.7129087871,0.95,141.55,DDoS-ICMP_Fragmentation
1.559898829460144,39837.4,7.7,99.0,27.64332530885484,27.64332530885484,0.0,0.0,0.0,0.0,0.0,1.0,0.0,0.0,0.0,0.0,0.0,10.5,57.2,0.0,1.0,0.0,0.0,0.0,0.0,0.0,1.0,0.0,0.0,0.0,0.0,1.0,1.0,763.6,66.0,261.4,129.5780158730159,68.07801728349658,145.0,5.5,16.003269603201893,96.27685534179084,5608.272600844041,0.9,38.5,BenignTraffic
6.591124196052551,283941.29,16.44,64.21,29.07567161271536,29.07567161271536,0.0,0.0,0.0,0.0,0.0,0.0,0.0,0.0,0.0,0.0,0.0,0.03,0.05,0.0,0.0,0.0,0.0,0.0,0.0,0.0,0.0,0.0,0.0,0.0,0.0,1.0,1.0,9556.94,360.2,1514.0,955.344622948302,553.1803735999966,890.61,9.5,43.591248514997694,782.4473080801326,322729.1085573237,0.95,141.55,DDoS-UDP_Fragmentation
49.83643946647644,2191169.0,9.3,79.3,34.96712338897681,34.96712338897681,0.0,0.0,0.0,0.0,0.0,1.0,0.0,0.0,0.0,0.4,0.0,122.9,2153.0,0.0,1.0,0.0,0.0,0.0,0.0,0.0,1.0,0.0,0.0,0.0,0.0,1.0,1.0,3489.4,66.0,1985.2,427.3018253968254,623.8655267529736,1114.6,5.5,25.080745300605408,882.2790890310902,1064782.977855568,0.9,38.5,BenignTraffic
0.0,0.0,1.0,64.0,60.12692542020572,60.12692542020572,0.0,0.0,0.0,0.0,0.0,0.0,0.0,0.0,0.0,0.0,0.0,0.0,0.0,0.0,0.0,0.0,0.0,0.0,0.0,0.0,0.0,0.0,0.0,0.0,1.0,1.0,1.0,9630.12,362.0,1456.4,881.8276301531287,544.1388529349124,938.0,9.5,41.816211267096776,769.4720946711853,311678.81155949883,0.95,141.55,DDoS-ICMP_Fragmentation
0.0118443727493286,90.4,6.0,173.4,98.23220569512412,98.23220569512412,0.0,0.0,0.0,1.0,0.0,1.0,0.0,0.0,0.0,1.0,0.6,0.0,0.6,0.0,0.0,0.0,0.0,0.0,0.0,0.0,1.0,0.0,0.0,0.0,0.0,1.0,1.0,301.0,54.0,55.6,54.45047619047618,0.6976969109407076,55.6,5.5,10.435402705907707,0.9866924338781622,1.2354739229024942,0.4,38.5,Recon-PortScan
6.226846821308136,6106.86,6.81,63.99,1124.1030483236816,1124.1030483236816,0.0,0.0,0.0,0.0,0.0,1.0,0.0,0.0,0.56,0.87,0.0,1.09,7.9,1.0,0.0,0.0,0.0,0.0,0.0,0.0,1.0,0.0,0.0,0.0,0.0,1.0,1.0,1029.31,53.4,435.45,89.11929212810753,102.52452667009572,104.52,9.5,13.08062184461407,145.28911126843772,20925.770676988624,0.93,141.55,DDoS-HTTP_Flood
47.37623165845871,50152.26,12.97,79.7,27.64093155694462,27.64093155694462,0.0,0.0,0.0,0.0,0.0,0.0,0.0,0.0,0.11,0.2,0.0,11.81,24.41,0.0,0.0,0.0,0.0,0.0,0.0,0.0,0.0,1.0,0.0,0.0,0.0,1.0,1.0,784.69,49.96,160.54,72.87134216299695,35.30444080068933,74.82,9.5,12.029590107882802,49.81137879763877,1701.086708031861,0.95,141.55,VulnerabilityScan
12.088664674758911,5126.0,6.0,112.7,8.129525754627197,8.129525754627197,0.0,0.0,0.0,0.0,1.0,1.0,0.0,0.0,0.0,2.0,0.0,15.3,27.6,0.0,0.0,0.0,0.0,0.0,1.0,0.0,1.0,0.0,0.0,0.0,0.0,1.0,1.0,1340.8,79.6,749.8,197.8449206349206,213.0213687323031,506.0,5.5,19.17920575922716,301.257708736503,118716.20479491056,0.9,38.5,DictionaryBruteForce
102.102436542511,5148990.3,7.1,199.6,50.68363472008856,50.68363472008856,0.0,0.0,0.0,0.0,0.0,1.0,0.0,0.0,0.7,0.0,0.0,301.7,5185.5,0.0,1.0,0.0,0.0,0.0,0.0,0.0,1.0,0.0,0.0,0.0,0.0,1.0,1.0,584.2,75.0,215.2,115.79579365079364,53.85142154035221,91.4,5.5,15.155203870622476,76.15741069543671,3269.3358071932475,0.9,38.5,BenignTraffic
0.0,54.0,6.0,64.0,5.653613234750488,5.653613234750488,0.0,0.0,0.0,0.0,1.0,1.0,0.0,0.0,0.0,0.0,0.0,1.0,1.0,0.0,0.0,0.0,0.0,0.0,0.0,0.0,1.0,0.0,0.0,0.0,0.0,1.0,1.0,567.0,54.0,54.0,54.0,0.0,54.0,9.5,10.392304845413264,0.0,0.0,0.0,141.55,DDoS-PSHACK_Flood
0.0,54.0,6.0,64.0,27.89674827570153,27.89674827570153,0.0,1.0,0.0,1.0,0.0,0.0,0.0,0.0,1.0,0.0,1.0,0.0,0.0,0.0,0.0,0.0,0.0,0.0,0.0,0.0,1.0,0.0,0.0,0.0,0.0,1.0,1.0,567.0,54.0,54.0,54.0,0.0,54.0,9.5,10.392304845413264,0.0,0.0,0.0,141.55,DDoS-RSTFINFlood
7.791795682907105,7059.0,11.5,62.1,11.020180857337117,11.020180857337117,0.0,0.0,0.0,0.0,0.0,0.0,0.0,0.0,0.2,0.7,0.0,17.8,35.8,0.0,0.0,0.0,0.0,0.0,0.0,0.0,0.0,0.0,0.0,0.0,0.0,1.0,1.0,1364.1,52.0,357.0,84.23399019324329,73.71324718964541,206.3,13.5,12.633091807689688,96.24976086731584,10545.200890542088,0.9,244.6,Recon-OSScan
8.926807141304016,1357506.4,6.0,64.0,110.17360426068782,110.17360426068782,0.0,0.0,0.0,0.0,0.0,1.0,0.0,0.0,0.0,2.0,0.0,176.5,982.5,0.0,0.0,0.0,0.0,0.0,0.0,0.0,1.0,0.0,0.0,0.0,0.0,1.0,1.0,7313.4,934.8,1514.0,1395.976507936508,231.48879415509023,1224.4,5.5,52.76098069146576,327.3745922315223,134773.71892567398,0.4,38.5,BrowserHijacking
70.17349858283997,376508.4,5.5,81.2,72.02691494713602,72.02691494713602,0.0,0.0,0.0,0.0,0.0,1.0,0.0,0.0,0.0,1.4,0.0,79.5,440.4,0.0,1.0,0.0,0.0,0.0,0.0,0.0,1.0,0.0,0.0,0.0,0.0,1.0,1.0,10633.5,66.0,2962.0,665.9994868031865,1014.7367993211186,1553.7,13.5,36.2341877069014,1437.2305891353988,1038457.636962706,1.0,244.6,DictionaryBruteForce
56.26383249759674,1560031.5,6.5,62.1,16.601484625879383,16.601484625879383,0.0,0.0,0.0,0.0,0.0,1.0,0.0,0.0,0.2,0.3,0.0,56.9,1542.4,0.0,0.0,0.0,0.0,0.0,0.0,0.0,1.0,0.0,0.0,0.0,0.0,1.0,1.0,5177.1,60.0,3183.8,938.7963492063492,1134.966905132109,733.0,5.5,41.64817954778126,1605.0855900824467,1482353.3039275634,0.9,38.5,BenignTraffic
0.8847550678253174,148.0,6.0,64.0,2.260529655814523,2.260529655814523,0.0,0.0,1.0,0.0,0.0,0.0,0.0,0.0,0.0,2.0,0.0,0.0,0.0,1.0,0.0,0.0,0.0,0.0,0.0,0.0,1.0,0.0,0.0,0.0,0.0,1.0,1.0,777.0,74.0,74.0,74.0,0.0,74.0,9.5,12.165525060596435,0.0,0.0,0.0,141.55,DDoS-HTTP_Flood
25.376874995231628,923641.6,6.0,80.5,30.388687609537,30.388687609537,0.0,0.0,0.0,0.0,0.0,1.0,0.0,0.0,0.1,0.4,0.0,68.4,922.6,0.0,1.0,0.0,0.0,0.0,0.0,0.0,1.0,0.0,0.0,0.0,0.0,1.0,1.0,5330.6,645.2,1514.0,1139.8923015873015,408.9613613481525,661.9,5.5,47.19204211849568,578.3587037051213,280077.72857665655,0.6,38.5,BenignTraffic
20.78326192378998,26355.11,7.2,71.63,86.64592914864441,86.64592914864441,0.0,0.0,0.0,0.0,0.0,1.0,0.0,0.0,0.46,1.17,0.62,55.82,123.59,1.0,0.0,0.0,0.0,0.0,0.0,0.0,1.0,0.0,0.0,0.0,0.0,1.0,1.0,908.79,57.26,225.31,82.81422055266715,46.10949220588258,89.82,9.5,12.766729314315125,65.29026021005781,3850.055918044716,0.84,141.55,DoS-HTTP_Flood
0.0263289809226989,55.74,6.0,65.91,1.1584256481966086,1.1584256481966086,0.0,1.0,0.0,1.0,0.0,0.0,0.0,0.0,0.99,0.03,0.99,0.0,0.03,0.0,1.0,0.0,0.0,0.0,0.0,0.0,1.0,0.0,0.0,0.0,0.0,1.0,1.0,567.0,54.0,54.0,54.0,0.0,54.0,9.5,10.392304845413264,0.0,0.0,0.0,141.55,DDoS-RSTFINFlood
120.84323027133942,4125.7,6.4,117.8,44.32931348974694,44.32931348974694,0.0,0.0,0.0,0.0,0.0,0.0,0.0,0.0,0.0,0.4,0.0,9.8,15.8,0.0,0.0,0.0,0.0,0.0,0.0,0.0,0.0,0.0,0.0,0.0,0.0,1.0,1.0,2063.6,61.2,550.0,133.5653767491538,119.73366478442016,109.8,13.5,16.363236803393306,169.5757864570065,14434.82176399371,1.0,244.6,DictionaryBruteForce
0.0,0.0,47.0,64.0,17.975722105364213,17.975722105364213,0.0,0.0,0.0,0.0,0.0,0.0,0.0,0.0,0.0,0.0,0.0,0.0,0.0,0.0,0.0,0.0,0.0,0.0,0.0,0.0,0.0,0.0,0.0,0.0,0.0,1.0,1.0,6216.0,592.0,592.0,592.0,0.0,592.0,9.5,34.409301068170514,0.0,0.0,0.0,141.55,Mirai-greeth_flood
7.800168118476868,40105.41,7.58,107.09,35.42689144877151,35.42689144877151,0.0,0.0,0.0,0.0,0.0,1.0,0.0,0.0,0.03,1.18,0.0,13.13,41.11,0.0,1.0,0.0,0.0,0.0,0.0,0.0,1.0,0.0,0.0,0.0,0.0,1.0,1.0,9740.09,267.11,2537.32,939.7505722654968,687.8084298483388,851.65,9.5,37.99018527066485,961.3817773116762,794995.6649332691,0.92,141.55,DDoS-ICMP_Fragmentation
0.0,54.12,6.0,65.69,20.187083577324472,20.187083577324472,0.0,0.0,0.0,0.0,0.0,0.0,0.0,0.0,0.0,0.0,0.0,0.0,0.01,0.0,0.0,0.0,0.0,0.0,0.0,0.0,1.0,0.0,0.0,0.0,0.0,1.0,1.0,568.44,54.0,55.44,54.10558590171439,0.3719095500603566,54.12,9.5,10.40245137305458,0.5268677824957233,1.171444058456524,0.12,141.55,DoS-TCP_Flood
23811.24736673832,80196.2,10.4,83.1,34.7651218625751,34.7651218625751,0.0,0.0,0.0,0.0,0.0,1.0,0.0,0.0,0.0,1.2,0.0,3.3,6.0,0.0,0.0,0.0,0.0,0.0,0.0,0.0,1.0,0.0,0.0,0.0,0.0,1.0,1.0,4838.1,55.6,1350.0,319.58293411782574,396.62280302035305,110.9,13.5,25.277201615530505,561.7643547656219,158408.82663056656,1.0,244.6,DNS_Spoofing
52.50563004016876,3602854.2,6.0,164.2,63.1075168436392,63.1075168436392,0.0,0.0,0.0,0.0,0.0,1.0,0.0,0.0,0.0,2.0,0.0,142.0,3312.5,0.0,1.0,0.0,0.0,0.0,0.0,0.0,1.0,0.0,0.0,0.0,0.0,1.0,1.0,12552.2,66.0,2962.0,800.5702217450591,1030.514959299669,934.8,13.5,40.075250988352686,1458.982936563491,1067539.5872230562,1.0,244.6,BenignTraffic
78.04991815090179,394300.1,9.3,145.5,23.696970204448668,23.696970204448668,0.0,0.0,0.0,0.0,0.0,1.0,0.0,0.0,0.0,0.6,0.0,210.1,723.3,0.0,1.0,0.0,0.0,0.0,0.0,0.0,1.0,0.0,0.0,0.0,0.0,1.0,1.0,638.0,75.0,207.2,120.77388888888888,54.66267476762854,122.5,5.5,15.50673440126765,77.30469601196987,3362.341753527337,0.9,38.5,BenignTraffic
0.0,55.77,6.11,63.84,1.325711309198329,1.325711309198329,0.0,0.0,0.0,0.0,0.0,0.0,0.0,0.0,0.0,0.01,0.0,0.0,0.0,0.0,0.0,0.0,0.0,0.0,0.0,0.0,1.0,0.0,0.0,0.0,0.0,1.0,1.0,600.2,55.57,87.2,59.76402372416886,9.791969714944416,55.77,9.5,10.851468074866478,13.861333102379298,496.11902624072695,0.28,141.55,DoS-TCP_Flood
6.891663870811462,108.0,6.0,64.0,0.2902077040232513,0.2902077040232513,0.0,0.0,1.0,0.0,0.0,0.0,0.0,0.0,0.0,2.0,0.0,0.0,0.0,0.0,0.0,0.0,0.0,0.0,0.0,0.0,1.0,0.0,0.0,0.0,0.0,1.0,1.0,567.0,54.0,54.0,54.0,0.0,54.0,9.5,10.392304845413264,0.0,0.0,0.0,141.55,DoS-SYN_Flood
1.699363250732422,156259.94,16.83,63.36,60.04201755207525,60.04201755207525,0.0,0.0,0.0,0.0,0.0,0.0,0.0,0.0,0.0,0.0,0.0,0.0,0.0,0.0,0.0,0.0,0.0,0.0,0.0,0.0,0.0,0.0,0.0,0.0,0.0,1.0,1.0,9693.98,345.22,1479.44,922.4250839055164,544.712719151948,923.46,9.5,42.795614462016935,770.349755528659,316002.1907121523,0.94,141.55,DDoS-UDP_Fragmentation
4.148715054988861,8189.1,6.0,64.0,2.664303941882031,2.664303941882031,0.0,0.0,1.0,0.0,0.0,0.0,0.0,0.0,0.01,2.51,0.71,2.62,6.42,1.0,0.0,0.0,0.0,0.0,0.0,0.0,1.0,0.0,0.0,0.0,0.0,1.0,1.0,3002.14,169.44,628.47,307.10050647585126,162.8669600722867,237.27,9.5,20.24446286533554,230.09686915498187,118340.89837649972,0.34,141.55,DoS-HTTP_Flood
14.83177273273468,1056218.6,6.0,147.5,78.30511339008933,78.30511339008933,0.0,0.0,0.0,0.0,0.0,1.0,0.0,0.0,0.0,1.8,0.0,32.4,934.6,0.0,1.0,0.0,0.0,0.0,0.0,0.0,1.0,0.0,0.0,0.0,0.0,1.0,1.0,4091.0,66.0,1514.0,250.77066115686856,447.8889773432963,646.3,13.5,21.8741728166956,628.2719665461511,205147.06796433727,1.0,244.6,BenignTraffic
0.2021355271339416,69.12,6.0,64.0,2.1687134699445023,2.1687134699445023,0.0,0.0,1.0,0.0,0.0,0.0,0.0,0.0,0.0,1.28,0.0,0.0,0.0,0.0,0.0,0.0,0.0,0.0,0.0,0.0,1.0,0.0,0.0,0.0,0.0,1.0,1.0,567.0,54.0,54.0,54.0,0.0,54.0,9.5,10.392304845413264,0.0,0.0,0.0,141.55,DDoS-SynonymousIP_Flood
5.195525126457214,108.0,6.0,64.0,0.3849466622851384,0.3849466622851384,0.0,0.0,1.0,0.0,0.0,0.0,0.0,0.0,0.0,2.0,0.0,0.0,0.0,0.0,0.0,0.0,0.0,0.0,0.0,0.0,1.0,0.0,0.0,0.0,0.0,1.0,1.0,567.0,54.0,54.0,54.0,0.0,54.0,9.5,10.392304845413264,0.0,0.0,0.0,141.55,DoS-SYN_Flood
0.0,0.0,1.0,64.0,1.2778143828849868,1.2778143828849868,0.0,0.0,0.0,0.0,0.0,0.0,0.0,0.0,0.0,0.0,0.0,0.0,0.0,0.0,0.0,0.0,0.0,0.0,0.0,0.0,0.0,0.0,0.0,0.0,1.0,1.0,1.0,441.0,42.0,42.0,42.0,0.0,42.0,9.5,9.16515138991168,0.0,0.0,0.0,141.55,DDoS-ICMP_Flood
50.52540250301361,877938.83,8.09,74.4,28.933268979051096,28.933268979051096,0.0,0.0,0.0,0.0,0.0,1.0,0.0,0.0,0.07,0.65,0.03,602.71,1230.74,0.0,0.0,0.0,0.0,0.0,0.0,0.0,1.0,0.0,0.0,0.0,0.0,1.0,1.0,3618.11,78.22,1252.47,317.3114020152105,390.3882004170623,421.29,9.5,24.11608853044782,552.5920402252835,216087.59975654096,0.95,141.55,VulnerabilityScan
617.3660186767578,60754.3,7.5,75.8,12.208377131665802,12.208377131665802,0.0,0.0,0.0,0.0,0.0,0.0,0.0,0.0,0.0,0.0,0.0,261.8,512.7,0.0,0.0,0.0,0.0,0.0,0.0,0.0,0.0,0.0,0.0,0.0,0.0,1.0,1.0,1772.9,63.6,214.0,115.1793301740399,55.659238936241096,104.1,13.5,15.191977016194674,78.74400368873061,3102.508782827817,1.0,244.6,MITM-ArpSpoofing
0.0,54.0,6.0,64.0,2.995122032498362,2.995122032498362,0.0,0.0,1.0,0.0,0.0,0.0,0.0,0.0,0.0,1.0,0.0,0.0,0.0,1.0,0.0,0.0,0.0,0.0,0.0,0.0,1.0,0.0,0.0,0.0,0.0,1.0,1.0,567.0,54.0,54.0,54.0,0.0,54.0,9.5,10.392304845413264,0.0,0.0,0.0,141.55,DDoS-SYN_Flood
0.4643718361854553,331034.16,16.23,77.01,2070.002447760578,2070.002447760578,0.0,0.0,0.0,0.0,0.0,0.0,0.0,0.0,0.0,0.1,0.0,0.17,0.53,0.0,0.0,0.0,0.0,0.0,0.0,0.0,0.0,1.0,0.0,0.0,0.0,1.0,1.0,5522.41,377.02,611.07,520.8112040645543,69.12321194106534,532.69,9.5,32.20865999066321,97.89012233226308,14715.097186839424,0.37,141.55,Mirai-udpplain
0.0,54.0,6.0,64.0,1904.7702089009983,1904.7702089009983,0.0,1.0,0.0,1.0,0.0,0.0,0.0,0.0,1.0,0.0,1.0,0.0,0.0,0.0,0.0,0.0,0.0,0.0,0.0,0.0,1.0,0.0,0.0,0.0,0.0,1.0,1.0,567.0,54.0,54.0,54.0,0.0,54.0,9.5,10.392304845413264,0.0,0.0,0.0,141.55,DDoS-RSTFINFlood
0.0308472609519958,57.96,6.11,63.81,2.4909532732148443,2.4909532732148443,0.0,0.0,1.0,0.0,0.0,0.0,0.0,0.0,0.0,0.99,0.0,0.0,0.0,0.0,0.0,0.0,0.0,0.0,0.0,0.0,1.0,0.0,0.0,0.0,0.0,1.0,1.0,567.0,54.0,54.0,54.0,0.0,54.0,9.5,10.392304845413264,0.0,0.0,0.0,141.55,DDoS-SYN_Flood
0.0,54.0,6.0,64.0,26.12191210495341,26.12191210495341,0.0,0.0,1.0,0.0,0.0,0.0,0.0,0.0,0.0,1.0,0.0,0.0,0.0,0.0,0.0,0.0,0.0,0.0,0.0,0.0,1.0,0.0,0.0,0.0,0.0,1.0,1.0,567.0,54.0,54.0,54.0,0.0,54.0,9.5,10.392304845413264,0.0,0.0,0.0,141.55,DDoS-SynonymousIP_Flood
47.32439098358154,2582720.1,6.0,63.6,62.83602653255698,62.83602653255698,0.0,0.0,0.0,0.0,0.0,1.0,0.0,0.0,0.0,1.8,0.0,167.1,2518.1,0.0,1.0,0.0,0.0,0.0,0.0,0.0,1.0,0.0,0.0,0.0,0.0,1.0,1.0,10838.5,790.0,3397.8,2086.9817857142857,875.4355070577134,2141.7,5.5,64.40235199664023,1238.0527670639856,879805.6667339852,0.9,38.5,BenignTraffic
0.0,0.0,47.0,64.0,2.156850660616197,2.156850660616197,0.0,0.0,0.0,0.0,0.0,0.0,0.0,0.0,0.0,0.0,0.0,0.0,0.0,0.0,0.0,0.0,0.0,0.0,0.0,0.0,0.0,0.0,0.0,0.0,0.0,1.0,1.0,6216.0,592.0,592.0,592.0,0.0,592.0,9.5,34.409301068170514,0.0,0.0,0.0,141.55,Mirai-greeth_flood
29.142573046684262,884109.5,7.1,185.3,53.02953274456223,53.02953274456223,0.0,0.0,0.0,0.0,0.0,1.0,0.0,0.0,0.0,1.4,0.0,95.7,918.3,0.0,1.0,0.0,0.0,0.0,0.0,0.0,1.0,0.0,0.0,0.0,0.0,1.0,1.0,404.6,66.0,94.6,70.48539682539683,9.305079168821294,93.0,5.5,11.8549099530535,13.159369159502438,359.7871796422273,0.6,38.5,BenignTraffic
12.318087649345395,373802.6,7.1,181.6,148.7195219989595,148.7195219989595,0.0,0.0,0.0,0.0,0.0,1.0,0.0,0.0,0.0,1.8,0.0,12.6,268.2,0.0,1.0,0.0,0.0,0.0,0.0,0.0,1.0,0.0,0.0,0.0,0.0,1.0,1.0,2967.8,209.2,1514.0,696.8692063492063,598.5712245348516,354.0,5.5,36.36796330330136,846.5075437834582,400327.58639052656,0.9,38.5,BenignTraffic
41.4692369222641,1024.21,6.0,64.0,2.215834649041854,2.215834649041854,0.0,0.0,0.0,0.0,1.0,1.0,0.0,0.0,0.0,1.99,0.0,4.81,11.06,1.0,0.0,0.0,0.0,0.0,0.0,0.0,1.0,0.0,0.0,0.0,0.0,1.0,1.0,753.44,70.31,74.8,71.55362691389277,1.4391967567537978,72.06,9.5,11.955473810755358,2.0363124107265578,8.811363547879694,0.37,141.55,DDoS-SlowLoris
255.81158165931703,6833.1,7.0,103.9,16.772636239366854,16.772636239366854,0.0,0.0,0.0,0.0,0.0,1.0,0.0,0.0,0.0,0.0,0.0,25.8,56.7,0.0,1.0,0.0,0.0,0.0,0.0,0.0,1.0,0.0,0.0,0.0,0.0,1.0,1.0,1917.2,46.0,230.0,124.82246873052986,68.78356936005949,92.2,13.5,15.810667789554802,97.3918083294393,4743.88107072384,1.0,244.6,Uploading_Attack
0.0004873514175415,1.16,46.12,65.04,10.602450257085424,10.602450257085424,0.0,0.0,0.0,0.0,0.0,0.0,0.0,0.0,0.0,0.02,0.0,0.0,0.01,0.0,0.0,0.0,0.0,0.0,0.0,0.0,0.0,0.0,0.0,0.0,0.0,1.0,1.0,5882.16,391.16,578.0,556.2254623588486,56.64353014029527,567.62,9.5,33.33227245006282,80.18461241439597,9448.88446128808,0.36,141.55,Mirai-greip_flood
7.485716462135315,15584.6,8.2,118.4,17.99682022525024,17.99682022525024,0.0,0.0,0.0,0.0,0.0,1.0,0.0,0.0,0.0,0.2,0.0,47.1,97.9,0.0,0.0,0.0,0.0,0.0,0.0,0.0,1.0,0.0,0.0,0.0,0.0,1.0,1.0,616.1,66.0,184.6,101.25007936507936,40.47603643978776,140.9,5.5,14.140356614313491,57.241759684255456,2347.555999937012,0.9,38.5,BenignTraffic
12.755218386650084,819887.8,6.0,214.3,58.99541492835274,58.99541492835274,0.0,0.0,0.0,0.0,0.0,1.0,0.0,0.0,0.0,0.0,0.0,28.0,752.5,0.0,1.0,0.0,0.0,0.0,0.0,0.0,1.0,0.0,0.0,0.0,0.0,1.0,1.0,14289.8,66.0,2962.0,950.8018352467968,1012.1430240267208,210.8,13.5,43.359280758489696,1432.886745136543,1027076.7961891076,1.0,244.6,BenignTraffic
0.0016078400611877,741.08,6.05,66.82,316213.83984009747,316213.83984009747,0.0,0.0,0.0,0.0,0.0,0.0,0.0,0.0,0.03,0.0,0.0,0.05,0.55,0.0,0.0,0.0,0.0,0.0,0.0,0.0,0.0,0.0,0.0,0.0,0.0,1.0,1.0,9954.48,381.0,1514.0,988.2736204507136,542.4824958342225,912.38,9.5,44.39955683874191,767.2730963242846,310010.76652076823,0.95,141.55,DDoS-ACK_Fragmentation
88.82407107353211,278623.2,6.5,72.6,29.24288290165403,29.24288290165403,0.0,0.0,0.0,0.0,0.0,1.0,0.0,0.0,0.2,0.6,0.0,227.3,659.7,0.0,0.0,0.0,0.0,0.0,0.0,0.0,1.0,0.0,0.0,0.0,0.0,1.0,1.0,2434.2,64.2,1008.3,455.8073015873016,379.5852247511295,328.0,5.5,29.35970008871213,536.8145729194866,161565.4117155455,0.9,38.5,Recon-OSScan
0.0,54.0,6.0,64.0,54.06703104052798,54.06703104052798,0.0,1.0,0.0,1.0,0.0,0.0,0.0,0.0,1.0,0.0,1.0,0.0,0.0,0.0,0.0,0.0,0.0,0.0,0.0,0.0,1.0,0.0,0.0,0.0,0.0,1.0,1.0,567.0,54.0,54.0,54.0,0.0,54.0,9.5,10.392304845413264,0.0,0.0,0.0,141.55,DDoS-RSTFINFlood
0.0,0.0,47.0,64.0,201.9356298596568,201.9356298596568,0.0,0.0,0.0,0.0,0.0,0.0,0.0,0.0,0.0,0.0,0.0,0.0,0.0,0.0,0.0,0.0,0.0,0.0,0.0,0.0,0.0,0.0,0.0,0.0,0.0,1.0,1.0,6216.0,592.0,592.0,592.0,0.0,592.0,9.5,34.409301068170514,0.0,0.0,0.0,141.55,Mirai-greeth_flood
52.89046957492828,3906.5,8.7,129.6,0.4229201202697341,0.4229201202697341,0.0,0.0,0.0,0.0,0.0,1.0,0.0,0.0,0.0,0.4,0.0,6.5,19.1,0.0,0.0,0.0,0.0,0.0,0.0,0.0,1.0,0.0,0.0,0.0,0.0,1.0,1.0,706.7,62.1,203.1,118.36936507936508,55.73757573074458,152.5,5.5,15.28432067577385,78.82483553221648,3986.967136180398,0.9,38.5,DNS_Spoofing
19.48692524433136,727145.9,5.9,84.4,32.75749449434711,32.75749449434711,0.0,0.0,0.0,0.0,0.0,1.0,0.0,0.0,0.0,0.0,0.0,71.2,782.0,0.0,1.0,0.0,0.0,0.0,0.0,0.0,1.0,0.0,0.0,0.0,0.0,1.0,1.0,8014.9,61.8,2927.0,528.8777584476927,780.8513260835173,389.3,13.5,32.50337380640686,1106.4943299916397,614119.725473029,1.0,244.6,BenignTraffic
0.0058330583572387,4277.0,16.84,65.91,88160.86841536948,88160.86841536948,0.0,0.0,0.0,0.0,0.0,0.0,0.0,0.0,0.0,0.0,0.0,0.0,0.0,0.0,0.0,0.0,0.0,0.0,0.0,0.0,0.0,1.0,0.0,0.0,0.0,1.0,1.0,525.2,50.0,50.2,50.01,0.0435889894354067,50.2,9.5,10.0,0.0,0.0,0.0,141.55,DDoS-UDP_Flood
2.954996681213379,6158.39,5.94,63.36,3.874704422137381,3.874704422137381,0.0,0.0,0.0,0.0,0.0,1.0,0.0,0.0,0.3,2.23,0.2,2.98,8.65,1.0,0.0,0.0,0.0,0.0,0.0,0.0,1.0,0.0,0.0,0.0,0.0,1.0,1.0,5457.79,106.82,1081.84,499.4202807682513,391.3930838076602,529.07,9.5,29.609051579159235,551.1255230684397,210600.94754757173,0.9,141.55,DoS-HTTP_Flood
0.407069923877716,116.24,6.11,64.64,3.949855773088721,3.949855773088721,0.0,0.0,1.0,0.0,0.0,0.0,0.0,0.0,0.0,1.62,0.47,0.0,0.63,0.0,0.0,0.0,0.0,0.0,0.0,0.0,1.0,0.0,0.0,0.0,0.0,1.0,1.0,576.28,54.68,55.92,54.8483302373581,0.2598854120290249,54.96,9.5,10.47260518290454,0.3684998526041748,1.6975018131743491,0.04,141.55,DoS-SYN_Flood
0.0,54.0,6.0,64.0,1.304510631309858,1.304510631309858,0.0,0.0,0.0,0.0,0.0,0.0,0.0,0.0,0.0,0.0,0.0,0.0,0.0,0.0,0.0,0.0,0.0,0.0,0.0,0.0,1.0,0.0,0.0,0.0,0.0,1.0,1.0,567.0,54.0,54.0,54.0,0.0,54.0,9.5,10.392304845413264,0.0,0.0,0.0,141.55,DDoS-TCP_Flood
0.0,0.0,47.0,64.0,37.36507144638847,37.36507144638847,0.0,0.0,0.0,0.0,0.0,0.0,0.0,0.0,0.0,0.0,0.0,0.0,0.0,0.0,0.0,0.0,0.0,0.0,0.0,0.0,0.0,0.0,0.0,0.0,0.0,1.0,1.0,6216.0,592.0,592.0,592.0,0.0,592.0,9.5,34.409301068170514,0.0,0.0,0.0,141.55,Mirai-greeth_flood
0.046157956123352,112.0,6.0,64.0,43.32968887456924,43.32968887456924,0.0,0.0,0.0,1.0,0.0,1.0,0.0,0.0,0.0,1.0,1.0,0.0,1.0,0.0,0.0,0.0,0.0,0.0,0.0,0.0,1.0,0.0,0.0,0.0,0.0,1.0,1.0,837.0,54.0,54.0,54.0,0.0,54.0,13.5,10.392304845413264,0.0,0.0,0.0,244.6,Recon-PortScan
5.328104224205017,108.0,6.0,64.0,0.3753680355402193,0.3753680355402193,0.0,0.0,0.0,0.0,0.0,0.0,0.0,0.0,0.0,0.0,0.0,0.0,0.0,1.0,0.0,0.0,0.0,0.0,0.0,0.0,1.0,0.0,0.0,0.0,0.0,1.0,1.0,567.0,54.0,54.0,54.0,0.0,54.0,9.5,10.392304845413264,0.0,0.0,0.0,141.55,DoS-TCP_Flood
0.0111605477333068,4211.38,17.0,65.91,25090.284818158383,25090.284818158383,0.0,0.0,0.0,0.0,0.0,0.0,0.0,0.0,0.0,0.0,0.0,0.0,0.0,0.0,0.0,0.0,0.0,0.0,0.0,0.0,0.0,1.0,0.0,0.0,0.0,1.0,1.0,526.38,50.0,51.38,50.07962078603372,0.3213336098822248,50.23,9.5,10.00796926973243,0.4561751670549728,1.7370848198077378,0.06,141.55,DDoS-UDP_Flood
2.8342043113708497,209.08,6.72,69.73,6453.430104449709,6453.430104449709,0.0,0.0,1.0,0.0,0.0,1.0,0.0,0.0,0.11,0.85,0.01,0.12,1.81,1.0,0.0,0.0,0.0,0.0,0.0,0.0,1.0,0.0,0.0,0.0,0.0,1.0,1.0,1088.16,67.28,282.26,108.71460428206984,71.53535052044025,96.96,9.5,14.399703225880256,100.24648490513724,12003.751604630414,0.56,141.55,DDoS-HTTP_Flood
144.07618899345397,2547.4,8.1,69.9,18.013371714358605,18.013371714358605,0.0,0.0,0.0,0.0,0.0,0.0,0.0,0.0,0.0,0.2,0.0,8.0,22.3,0.0,0.0,0.0,0.0,0.0,0.0,0.0,0.0,0.0,0.0,0.0,0.0,1.0,1.0,392.8,55.2,101.2,67.1734126984127,16.07510864279314,93.0,5.5,11.555935424502229,22.73363665925901,561.4674549634668,0.9,38.5,CommandInjection
27.34653439521789,22552.0,10.9,99.7,22.668731145477548,22.668731145477548,0.0,0.0,0.0,0.0,0.0,0.0,0.0,0.0,0.0,0.0,0.0,81.2,165.3,0.0,0.0,0.0,0.0,0.0,0.0,0.0,0.0,0.0,0.0,0.0,0.0,1.0,1.0,1683.8,54.0,230.0,109.49354202599946,63.372533497911526,88.7,13.5,14.76982893896698,89.53408311804145,4027.514754224082,1.0,244.6,BenignTraffic
0.1349636316299438,17833.0,17.0,64.0,7697.367592549306,7697.367592549306,0.0,0.0,0.0,0.0,0.0,0.0,0.0,0.0,0.0,0.0,0.0,0.0,0.0,0.0,0.0,0.0,0.0,0.0,0.0,0.0,0.0,1.0,0.0,0.0,0.0,1.0,1.0,525.0,50.0,50.0,50.0,0.0,50.0,9.5,10.0,0.0,0.0,0.0,141.55,DDoS-UDP_Flood
0.0,54.0,6.0,64.0,24.51039161774976,24.51039161774976,0.0,0.0,0.0,0.0,1.0,1.0,0.0,0.0,0.0,0.0,0.0,1.0,1.0,0.0,0.0,0.0,0.0,0.0,0.0,0.0,1.0,0.0,0.0,0.0,0.0,1.0,1.0,567.0,54.0,54.0,54.0,0.0,54.0,9.5,10.392304845413264,0.0,0.0,0.0,141.55,DDoS-PSHACK_Flood
0.0400218796730041,6.82,1.05,65.72,2.047537178990469,2.047537178990469,0.0,0.0,0.0,0.0,0.0,0.0,0.0,0.0,0.0,0.09,0.0,0.0,0.05,0.0,0.0,0.0,0.0,0.0,0.0,0.0,0.0,0.0,0.0,0.0,1.0,1.0,1.0,460.09,42.0,61.09,43.89282713283449,5.482511646858306,43.33,9.5,9.358764777720108,7.763508795658029,159.61284057220712,0.23,141.55,DDoS-ICMP_Flood
30.935217022895813,2464129.0,6.0,232.0,78.56740797808182,78.56740797808182,0.0,0.0,0.0,0.0,0.0,1.0,0.0,0.0,0.0,2.0,0.0,119.0,2429.5,0.0,1.0,0.0,0.0,0.0,0.0,0.0,1.0,0.0,0.0,0.0,0.0,1.0,1.0,363.0,66.0,66.0,66.0,0.0,66.0,5.5,11.489125293076055,0.0,0.0,0.0,38.5,BenignTraffic
0.0,58.0,6.0,44.8,4048.5559845559847,4048.5559845559847,0.0,0.0,1.0,0.0,0.0,0.0,0.0,0.0,0.0,1.0,0.0,0.0,0.0,0.0,0.0,0.0,0.0,0.0,0.0,0.0,1.0,0.0,0.0,0.0,0.0,1.0,1.0,899.0,58.0,58.0,58.0,0.0,58.0,13.5,10.770329614269006,0.0,0.0,0.0,244.6,Recon-PortScan
0.0,0.0,47.0,64.0,46.80881647229506,46.80881647229506,0.0,0.0,0.0,0.0,0.0,0.0,0.0,0.0,0.0,0.0,0.0,0.0,0.0,0.0,0.0,0.0,0.0,0.0,0.0,0.0,0.0,0.0,0.0,0.0,0.0,1.0,1.0,6069.0,578.0,578.0,578.0,0.0,578.0,9.5,34.0,0.0,0.0,0.0,141.55,Mirai-greip_flood
0.0,54.0,6.0,64.0,26.93495205328803,26.93495205328803,0.0,0.0,1.0,0.0,0.0,0.0,0.0,0.0,0.0,1.0,0.0,0.0,0.0,0.0,0.0,0.0,0.0,0.0,0.0,0.0,1.0,0.0,0.0,0.0,0.0,1.0,1.0,567.0,54.0,54.0,54.0,0.0,54.0,9.5,10.392304845413264,0.0,0.0,0.0,141.55,DDoS-SYN_Flood
0.0,54.0,6.0,64.0,8.986940526364279,8.986940526364279,0.0,1.0,0.0,1.0,0.0,0.0,0.0,0.0,1.0,0.0,1.0,0.0,0.0,0.0,0.0,0.0,0.0,0.0,0.0,0.0,1.0,0.0,0.0,0.0,0.0,1.0,1.0,567.0,54.0,54.0,54.0,0.0,54.0,9.5,10.392304845413264,0.0,0.0,0.0,141.55,DDoS-RSTFINFlood
0.0041928911209106,4775.0,17.0,64.0,42406.44189686821,42406.44189686821,0.0,0.0,0.0,0.0,0.0,0.0,0.0,0.0,0.0,0.0,0.0,0.0,0.0,0.0,0.0,0.0,0.0,0.0,0.0,0.0,0.0,1.0,0.0,0.0,0.0,1.0,1.0,525.0,50.0,50.0,50.0,0.0,50.0,9.5,10.0,0.0,0.0,0.0,141.55,DoS-UDP_Flood
0.0004419612884521,5.12,46.7,63.8,99.46747558388654,99.46747558388654,0.0,0.0,0.0,0.0,0.0,0.0,0.0,0.0,0.0,0.0,0.0,0.0,0.0,0.0,0.0,0.0,0.0,0.0,0.0,0.0,0.0,0.0,0.0,0.0,0.0,1.0,1.0,6017.76,526.76,578.0,573.7992728548542,13.83440571002242,574.34,9.5,33.87431606297223,19.59250589362638,1400.2779654812225,0.14,141.55,Mirai-greip_flood
1.317628676891327,1779643.84,6.11,93.64,939.9329013913506,939.9329013913506,0.0,0.0,0.0,0.0,0.0,1.0,0.0,0.0,0.0,0.0,0.0,14.09,1237.45,1.0,0.0,0.0,0.0,0.0,0.0,0.0,1.0,0.0,0.0,0.0,0.0,1.0,1.0,14697.2,264.08,3128.04,1318.9763482777971,952.9447102728072,1425.96,9.5,46.40642253993858,1343.4876778061682,1266886.4944948475,0.92,141.55,VulnerabilityScan
0.0054763412475585,69.62,6.0,64.0,33.32665830605544,33.32665830605544,0.0,0.0,0.0,0.0,0.0,0.0,0.0,0.0,0.03,0.04,0.0,0.04,0.15,0.0,0.0,0.0,0.0,0.0,0.0,0.0,1.0,0.0,0.0,0.0,0.0,1.0,1.0,568.56,54.0,54.84,54.09165398791095,0.2605853460203499,54.24,9.5,10.401130015470518,0.3696929764705616,0.9823599325581084,0.07,141.55,DDoS-TCP_Flood
0.0,81.0,6.0,64.0,61.49487396590464,61.49487396590464,0.0,0.0,0.0,0.0,0.0,0.0,0.0,0.0,0.0,0.0,0.0,0.0,0.0,0.0,0.0,0.0,0.0,0.0,0.0,0.0,1.0,0.0,0.0,0.0,0.0,1.0,1.0,567.0,54.0,54.0,54.0,0.0,54.0,9.5,10.392304845413264,0.0,0.0,0.0,141.55,DoS-TCP_Flood
34.54815225601196,5489.1,13.1,92.7,72.52468352490226,72.52468352490226,0.0,0.0,0.0,0.0,0.0,0.0,0.0,0.0,0.0,0.0,0.0,0.6,1.2,0.0,0.0,0.0,0.0,0.0,0.0,0.0,0.0,1.0,0.0,0.0,0.0,1.0,1.0,5582.2,50.0,1392.0,363.1967769803296,519.3700394432294,430.7,13.5,26.95436824329388,736.1771604607371,271399.7265911389,1.0,244.6,DNS_Spoofing
0.0,54.0,6.0,64.0,46.69313235441462,46.69313235441462,0.0,0.0,0.0,0.0,0.0,0.0,0.0,0.0,0.0,0.0,0.0,0.0,0.0,1.0,0.0,0.0,0.0,0.0,0.0,0.0,1.0,0.0,0.0,0.0,0.0,1.0,1.0,567.0,54.0,54.0,54.0,0.0,54.0,9.5,10.392304845413264,0.0,0.0,0.0,141.55,DDoS-TCP_Flood
1.6927719116210937e-07,17.24,44.27,64.0,299273.819628078,299273.819628078,0.0,0.0,0.0,0.0,0.0,0.0,0.0,0.0,0.01,0.03,0.0,0.01,0.01,0.0,0.0,0.0,0.0,0.0,0.0,0.0,0.0,0.0,0.0,0.0,0.0,1.0,1.0,5725.32,509.71,578.5,553.4063648779841,31.06851647628625,545.5,9.5,33.20351543390439,43.97349714779872,6942.748102334109,0.14,141.55,Mirai-greip_flood
4.022885448932648,134.35,6.0,63.41,1.2336000024999447,1.2336000024999447,0.0,0.0,1.0,0.0,0.0,0.0,0.0,0.0,0.04,1.98,0.0,0.06,0.22,0.0,0.0,0.0,0.0,0.0,0.0,0.0,1.0,0.0,0.0,0.0,0.0,1.0,1.0,643.32,54.0,126.36,61.82690471009898,21.00593079695492,58.54,9.5,11.031003179147246,29.73912334859985,2281.986573463185,0.33,141.55,DoS-SYN_Flood
43.75136303901672,3272.5,5.9,119.6,5.774264601295675,5.774264601295675,0.0,0.0,0.0,0.0,0.0,1.0,0.0,0.0,0.2,2.8,0.0,1.2,6.5,0.0,1.0,0.0,0.0,0.0,0.0,0.0,1.0,0.0,0.0,0.0,0.0,1.0,1.0,3848.8,61.8,1700.1,241.88782845465508,413.5525522480045,515.6,13.5,21.892202416649088,586.9774752962998,197249.20562765808,1.0,244.6,Recon-PortScan
14.081051564216612,471007.8,6.0,131.0,23.883176579461587,23.883176579461587,0.0,0.0,0.0,0.0,0.0,1.0,0.0,0.0,0.0,0.4,0.0,12.7,358.1,0.0,1.0,0.0,0.0,0.0,0.0,0.0,1.0,0.0,0.0,0.0,0.0,1.0,1.0,370.2,66.0,73.2,67.5431746031746,2.777608735564421,66.8,5.5,11.622305869160018,3.928131944801189,8.826883345930963,0.9,38.5,DNS_Spoofing
302.6684235095978,612683.6,9.3,63.6,32.436272287700454,32.436272287700454,0.0,0.0,0.0,0.0,0.0,1.0,0.0,0.0,0.0,1.0,0.0,164.1,813.1,0.0,1.0,0.0,0.0,0.0,0.0,0.0,1.0,0.0,0.0,0.0,0.0,1.0,1.0,10045.1,50.0,4518.0,587.3298692535534,1131.162064027277,1712.3,13.5,32.437850021413745,1604.583097378708,1785967.0005058802,1.0,244.6,DNS_Spoofing
1.9983332920074464,99.36,6.0,64.0,1.2584187441885268,1.2584187441885268,0.0,0.0,1.0,0.0,0.0,0.0,0.0,0.0,0.0,1.84,0.0,0.0,0.0,0.0,0.0,0.0,0.0,0.0,0.0,0.0,1.0,0.0,0.0,0.0,0.0,1.0,1.0,567.0,54.0,54.0,54.0,0.0,54.0,9.5,10.392304845413264,0.0,0.0,0.0,141.55,DDoS-SynonymousIP_Flood
2.438305640220642,5946201.0,6.0,64.0,1858.8727826978345,1858.8727826978345,0.0,0.0,0.0,0.0,0.0,1.0,0.0,0.0,0.0,0.0,0.0,1919.0,4532.5,0.0,1.0,0.0,0.0,0.0,0.0,0.0,1.0,0.0,0.0,0.0,0.0,1.0,1.0,363.0,66.0,66.0,66.0,0.0,66.0,5.5,11.489125293076055,0.0,0.0,0.0,38.5,MITM-ArpSpoofing
2.726939034461976,751168.0,6.0,114.4,220.5759767368828,220.5759767368828,0.0,0.0,0.0,0.0,0.0,1.0,0.0,0.0,0.0,2.0,0.0,18.0,600.5,0.0,1.0,0.0,0.0,0.0,0.0,0.0,1.0,0.0,0.0,0.0,0.0,1.0,1.0,17707.0,66.0,2962.0,1131.0868203107525,1042.6234881043051,1369.2,13.5,47.6075339386917,1474.4246777992637,1088792.4412480055,1.0,244.6,BenignTraffic
0.0101970911026,5.83,1.16,66.55,4.623355209294985,4.623355209294985,0.0,0.0,0.0,0.0,0.0,0.0,0.0,0.0,0.0,0.0,0.0,0.0,0.0,0.0,0.0,0.0,0.0,0.0,0.0,0.0,0.0,0.0,0.0,0.0,1.0,1.0,1.0,449.96,42.0,50.96,42.53453555457271,2.1179417964553005,43.28,9.5,9.221352059366351,3.004910042989698,64.66731247632302,0.07,141.55,DDoS-ICMP_Flood
0.068814308643341,24135.0,17.0,64.0,7462.00414157251,7462.00414157251,0.0,0.0,0.0,0.0,0.0,0.0,0.0,0.0,0.0,0.0,0.0,0.0,0.0,0.0,0.0,0.0,0.0,0.0,0.0,0.0,0.0,1.0,0.0,0.0,0.0,1.0,1.0,525.0,50.0,50.0,50.0,0.0,50.0,9.5,10.0,0.0,0.0,0.0,141.55,DDoS-UDP_Flood
0.0,54.0,6.0,64.0,2.474411256398329,2.474411256398329,0.0,1.0,0.0,1.0,0.0,0.0,0.0,0.0,1.0,0.0,1.0,0.0,0.0,0.0,0.0,0.0,0.0,0.0,0.0,0.0,1.0,0.0,0.0,0.0,0.0,1.0,1.0,567.0,54.0,54.0,54.0,0.0,54.0,9.5,10.392304845413264,0.0,0.0,0.0,141.55,DDoS-RSTFINFlood
3.100194764137268,955755.26,17.0,64.0,565.1634544952851,565.1634544952851,0.0,0.0,0.0,0.0,0.0,0.0,0.0,0.0,0.0,0.0,0.0,0.0,0.0,0.0,0.0,0.0,0.0,0.0,0.0,0.0,0.0,1.0,0.0,0.0,0.0,1.0,1.0,5817.0,554.0,554.0,554.0,0.0,554.0,9.5,33.28663395418648,0.0,0.0,0.0,141.55,Mirai-udpplain
0.0,54.0,6.0,64.0,26.89367541096604,26.89367541096604,0.0,0.0,1.0,0.0,0.0,0.0,0.0,0.0,0.0,1.0,0.0,0.0,0.0,0.0,1.0,0.0,0.0,0.0,0.0,0.0,1.0,0.0,0.0,0.0,0.0,1.0,1.0,567.0,54.0,54.0,54.0,0.0,54.0,9.5,10.392304845413264,0.0,0.0,0.0,141.55,DDoS-SYN_Flood
0.0012424111366271,4.67,1.48,66.39,50.73243653249912,50.73243653249912,0.0,0.0,0.0,0.0,0.0,0.0,0.0,0.0,0.0,0.0,0.0,0.0,0.0,0.0,0.0,0.0,0.0,0.0,0.0,0.0,0.0,0.0,0.0,0.0,1.0,1.0,1.0,9476.34,279.75,1479.44,893.0459052898855,551.9497101744386,906.54,9.5,42.07981741261322,780.4493862611274,320981.2981128009,0.95,141.55,DDoS-ICMP_Fragmentation
0.1934138774871826,818.6,6.6,65.0,35.91121832561464,35.91121832561464,0.0,0.0,0.0,0.0,0.0,1.0,0.0,0.0,0.0,1.6,0.0,0.8,6.0,0.0,1.0,0.0,0.0,0.0,0.0,0.0,1.0,0.0,0.0,0.0,0.0,1.0,1.0,1679.2,54.0,473.4,101.56332203529185,115.24254924715542,296.6,13.5,13.957121896082151,164.14629069372023,32265.30792072409,1.0,244.6,BenignTraffic
24.337118291854857,649867.4,7.1,198.0,95.3965446245817,95.3965446245817,0.0,0.0,0.0,0.0,0.0,1.0,0.0,0.0,0.0,1.6,0.0,111.6,751.8,0.0,1.0,0.0,0.0,0.0,0.0,0.0,1.0,0.0,0.0,0.0,0.0,1.0,1.0,19121.6,66.0,4410.0,1275.9884877613786,1182.460791148373,82.4,13.5,50.42037864496636,1673.828970648456,1401209.1300056635,1.0,244.6,BenignTraffic
45.87264130115509,1989052.0,6.0,161.6,43.42057488139387,43.42057488139387,0.0,0.0,0.0,0.0,0.0,1.0,0.0,0.0,0.0,1.4,0.0,193.7,2150.8,0.0,1.0,0.0,0.0,0.0,0.0,0.0,1.0,0.0,0.0,0.0,0.0,1.0,1.0,14823.3,66.0,2962.0,988.332810683898,976.6020276593114,222.8,13.5,44.38164261692045,1382.651605319471,956052.9910879276,1.0,244.6,BenignTraffic
903.9512392997742,21137.0,6.0,64.0,32.265626716864865,32.265626716864865,0.0,0.0,0.0,0.0,0.0,1.0,0.0,0.0,0.0,1.6,0.0,29.7,71.3,0.0,1.0,0.0,0.0,0.0,0.0,0.0,1.0,0.0,0.0,0.0,0.0,1.0,1.0,7797.6,1208.4,1494.0,1450.4733333333334,100.2343034825672,1217.4,5.5,53.83229976750621,141.75271140006726,50783.61288888889,0.2,38.5,Recon-PingSweep
1.050344092845917,101.26,6.11,65.91,1.5872813855155647,1.5872813855155647,0.0,0.0,1.0,0.0,0.0,0.0,0.0,0.0,0.0,1.79,0.0,0.0,0.0,0.0,0.0,0.0,0.0,0.0,0.0,0.0,1.0,0.0,0.0,0.0,0.0,1.0,1.0,598.68,54.0,85.68,57.69202179657288,9.604297981398815,55.76,9.5,10.711676899941228,13.595849503789683,543.2998067152374,0.18,141.55,DDoS-SynonymousIP_Flood
17.688363194465637,1645671.0,6.0,232.0,89.86133262679807,89.86133262679807,0.0,0.0,0.0,0.0,0.0,1.0,0.0,0.0,0.0,2.0,0.0,73.0,1588.5,0.0,1.0,0.0,0.0,0.0,0.0,0.0,1.0,0.0,0.0,0.0,0.0,1.0,1.0,363.0,66.0,66.0,66.0,0.0,66.0,5.5,11.489125293076055,0.0,0.0,0.0,38.5,BenignTraffic
1.5055326700210572,115164.5,15.3,83.9,112.27495239694431,112.27495239694431,0.0,0.0,0.0,0.0,0.0,0.0,0.0,0.0,0.0,0.0,0.0,0.0,0.0,0.0,0.0,0.0,0.0,0.0,0.0,0.0,0.0,1.0,0.0,0.0,0.0,1.0,1.0,8420.8,102.3,1047.0,544.0798774595719,435.7451063003749,427.6,13.5,33.034584296933794,616.8713770614593,190290.4626701423,1.0,244.6,MITM-ArpSpoofing
61.45599479675293,2191.0,8.8,98.8,10.707242464707075,10.707242464707075,0.0,0.0,0.0,0.0,0.0,1.0,0.0,0.0,0.2,0.8,0.0,2.1,5.1,0.0,0.0,0.0,0.0,0.0,0.0,0.0,1.0,0.0,0.0,0.0,0.0,1.0,1.0,3035.0,54.0,441.0,195.2229013809548,141.06110941145403,191.2,13.5,19.79041854616856,199.5331362596305,19939.922207851207,1.0,244.6,BenignTraffic
0.0533228802680969,31514.0,17.0,64.0,11586.499155558507,11586.499155558507,0.0,0.0,0.0,0.0,0.0,0.0,0.0,0.0,0.0,0.0,0.0,0.0,0.0,0.0,0.0,0.0,0.0,0.0,0.0,0.0,0.0,1.0,0.0,0.0,0.0,1.0,1.0,525.0,50.0,50.0,50.0,0.0,50.0,9.5,10.0,0.0,0.0,0.0,141.55,DDoS-UDP_Flood
265.1114986658096,13838.3,3.7,42.4,12.609603715967868,12.609603715967868,0.0,0.0,0.0,0.0,0.0,1.0,0.0,0.0,0.2,0.2,0.0,71.8,136.3,0.0,0.0,0.0,0.0,0.0,0.0,0.0,1.0,0.0,0.0,0.0,0.0,1.0,1.0,444.9,65.3,124.4,79.18214285714285,19.944568459258104,78.6,5.5,12.574109174882782,28.20587921076148,571.0617159863946,0.9,38.5,SqlInjection
0.171288456916809,20.22,45.24,62.56,1.4244462700100344,1.4244462700100344,0.0,0.0,0.0,0.0,0.0,0.0,0.0,0.0,0.0,0.0,0.0,0.16,0.23,0.0,0.0,0.0,0.0,0.0,0.0,0.0,0.0,0.0,0.0,0.0,0.0,1.0,1.0,5858.66,476.44,578.0,563.5571450070828,33.69262957438066,557.55,9.5,33.55465695009669,47.74095903599849,6100.709871667276,0.2,141.55,Mirai-greip_flood
7.047901058197022,194283.4,6.0,63.6,116.1257364685913,116.1257364685913,0.0,0.0,0.0,0.0,0.0,1.0,0.0,0.0,0.0,1.8,0.0,50.7,214.1,0.0,1.0,0.0,0.0,0.0,0.0,0.0,1.0,0.0,0.0,0.0,0.0,1.0,1.0,9919.8,934.8,3686.0,1725.1092063492065,778.8116640856036,1803.6,5.5,58.60382457349623,1101.40601788422,1217381.3931206851,0.5,38.5,BenignTraffic
0.0,0.0,47.0,64.0,34.72098774630018,34.72098774630018,0.0,0.0,0.0,0.0,0.0,0.0,0.0,0.0,0.0,0.0,0.0,0.0,0.0,0.0,0.0,0.0,0.0,0.0,0.0,0.0,0.0,0.0,0.0,0.0,0.0,1.0,1.0,6069.0,578.0,578.0,578.0,0.0,578.0,9.5,34.0,0.0,0.0,0.0,141.55,Mirai-greip_flood
0.0,53.46,5.95,64.0,119.5878310951444,119.5878310951444,0.0,0.0,1.0,0.0,0.0,0.0,0.0,0.0,0.0,0.99,0.0,0.0,0.0,0.0,0.0,0.0,0.0,0.0,0.0,0.0,1.0,0.0,0.0,0.0,0.0,1.0,1.0,570.96,54.0,57.96,54.25425941739719,0.9668985843825368,54.44,9.5,10.416560035673609,1.3707313518288649,10.494915798261168,0.09,141.55,DoS-SYN_Flood
0.0,54.04,6.0,65.91,1497.9657142857138,1497.9657142857138,0.0,0.0,0.0,0.0,0.0,0.0,0.0,0.0,0.0,0.01,0.0,0.0,0.0,0.0,0.0,0.0,0.0,0.0,0.0,0.0,1.0,0.0,0.0,0.0,0.0,1.0,1.0,567.76,54.0,54.76,54.10390958628575,0.2382794995772457,54.04,9.5,10.402271687006548,0.3372808508790456,0.3206300654520854,0.19,141.55,DDoS-TCP_Flood
9.518875455856325,5631445.0,6.0,64.0,539.5070019041353,539.5070019041353,0.0,0.0,0.0,0.0,0.0,1.0,0.0,0.0,0.0,0.0,0.0,1666.0,5135.5,0.0,1.0,0.0,0.0,0.0,0.0,0.0,1.0,0.0,0.0,0.0,0.0,1.0,1.0,19757.0,86.0,2922.0,1318.1444332104086,1335.8395737851745,86.0,13.5,51.24673232752819,1891.371291269179,1789083.2333105914,1.0,244.6,MITM-ArpSpoofing
5.006790161132812e-08,9.62,42.85,63.36,300862.5924883022,300862.5924883022,0.0,0.0,0.0,0.0,0.0,0.0,0.0,0.0,0.0,0.03,0.0,0.0,0.0,0.0,0.0,0.0,0.0,0.0,0.0,0.0,0.0,0.0,0.0,0.0,0.0,1.0,1.0,5635.94,503.54,592.0,547.984668514535,40.37231107582083,532.49,9.5,32.917978092489285,57.04654507291547,9584.051995992397,0.17,141.55,Mirai-greeth_flood
0.1083269119262695,4059.6,6.0,64.0,92.95615400451466,92.95615400451466,0.0,0.0,0.0,0.0,0.0,1.0,0.0,0.0,1.2,2.0,0.0,2.0,8.1,0.0,0.0,0.0,0.0,0.0,0.0,0.0,1.0,0.0,0.0,0.0,0.0,1.0,1.0,7535.0,66.0,3322.0,501.5039377478387,1101.5393448337072,66.0,13.5,31.62179670033064,1560.9855203578622,1225689.77935469,1.0,244.6,Recon-PortScan
0.0,0.0,1.0,64.0,4.201137149573783,4.201137149573783,0.0,0.0,0.0,0.0,0.0,0.0,0.0,0.0,0.0,0.0,0.0,0.0,0.0,0.0,0.0,0.0,0.0,0.0,0.0,0.0,0.0,0.0,0.0,0.0,1.0,1.0,1.0,441.0,42.0,42.0,42.0,0.0,42.0,9.5,9.16515138991168,0.0,0.0,0.0,141.55,DDoS-ICMP_Flood
6.311173279285431,108.0,6.0,64.0,0.3168983499117174,0.3168983499117174,0.0,0.0,1.0,0.0,0.0,0.0,0.0,0.0,0.0,2.0,0.0,0.0,0.0,0.0,1.0,0.0,0.0,0.0,0.0,0.0,1.0,0.0,0.0,0.0,0.0,1.0,1.0,567.0,54.0,54.0,54.0,0.0,54.0,9.5,10.392304845413264,0.0,0.0,0.0,141.55,DoS-SYN_Flood
840.9281687021255,81106.4,13.7,64.0,1.6023087114073018,1.6023087114073018,0.0,0.0,0.0,0.0,0.0,0.0,0.0,0.0,0.0,0.0,0.0,65.3,97.8,0.0,0.0,0.0,0.0,0.0,0.0,0.0,0.0,1.0,0.0,0.0,0.0,1.0,1.0,1354.0,50.0,215.0,87.56288841662294,56.2150134043237,80.0,13.5,13.239877234534775,79.67038346331901,3177.34621158121,1.0,244.6,SqlInjection
0.005440878868103,56.06,6.0,65.91,41.795705197048754,41.795705197048754,0.0,0.0,0.0,0.0,1.0,1.0,0.0,0.0,0.0,0.0,0.01,1.0,1.01,0.0,0.0,0.0,0.0,0.0,0.0,0.0,1.0,0.0,0.0,0.0,0.0,1.0,1.0,567.0,54.0,54.0,54.0,0.0,54.0,9.5,10.392304845413264,0.0,0.0,0.0,141.55,DDoS-PSHACK_Flood
5.82391927242279,3824957.7,7.1,57.1,566.4655750583523,566.4655750583523,0.0,0.0,0.0,0.0,0.0,1.0,0.0,0.0,0.0,0.0,0.0,2.0,3323.0,0.0,1.0,0.0,0.0,0.0,0.0,0.0,1.0,0.0,0.0,0.0,0.0,1.0,1.0,530.0,66.0,229.3,83.6088492063492,49.87080749613655,214.5,5.5,12.646554078951077,70.52797232753412,18861.680579349333,0.6,38.5,MITM-ArpSpoofing
9.4426988363266,554545.9,8.2,129.3,51.54270041189905,51.54270041189905,0.0,0.0,0.0,0.0,0.0,1.0,0.0,0.0,0.0,0.0,0.0,40.6,573.3,0.0,1.0,0.0,0.0,0.0,0.0,0.0,1.0,0.0,0.0,0.0,0.0,1.0,1.0,9057.7,75.6,4557.2,1538.2298015873016,1539.9946492305785,1263.7,5.5,53.13828295529015,2177.8813189238813,2805435.276996961,0.9,38.5,BenignTraffic
623.1912575483323,686724.4,6.0,88.6,5.439725637901544,5.439725637901544,0.0,0.0,0.0,0.0,0.0,1.0,0.0,0.0,0.0,0.0,0.0,697.0,1621.8,0.0,1.0,0.0,0.0,0.0,0.0,0.0,1.0,0.0,0.0,0.0,0.0,1.0,1.0,8042.3,966.6,2600.4,1542.1940873015872,541.5129083584019,1112.2,5.5,55.34569791909492,765.8148992005509,375995.7809916698,0.8,38.5,MITM-ArpSpoofing
99.37021522521972,90697.7,5.4,109.0,5.433934799351162,5.433934799351162,0.0,0.0,0.0,0.0,0.0,1.0,0.0,0.0,0.0,0.2,0.0,269.4,562.5,0.0,1.0,0.0,0.0,0.0,0.0,0.0,1.0,0.0,0.0,0.0,0.0,1.0,1.0,496.4,61.8,150.8,86.90527777777777,33.88949258690211,94.3,5.5,13.154099056988802,47.92698003833943,1447.3517135141094,0.8,38.5,BenignTraffic
0.0,54.0,6.0,64.0,3.944830301825676,3.944830301825676,0.0,0.0,1.0,0.0,0.0,0.0,0.0,0.0,0.0,1.0,0.0,0.0,0.0,0.0,0.0,0.0,0.0,0.0,0.0,0.0,1.0,0.0,0.0,0.0,0.0,1.0,1.0,567.0,54.0,54.0,54.0,0.0,54.0,9.5,10.392304845413264,0.0,0.0,0.0,141.55,DDoS-SYN_Flood
0.0,54.0,6.0,64.0,5.9038001385907535,5.9038001385907535,0.0,0.0,0.0,0.0,1.0,1.0,0.0,0.0,0.0,0.0,0.0,1.0,1.0,0.0,0.0,0.0,0.0,0.0,0.0,0.0,1.0,0.0,0.0,0.0,0.0,1.0,1.0,567.0,54.0,54.0,54.0,0.0,54.0,9.5,10.392304845413264,0.0,0.0,0.0,141.55,DDoS-PSHACK_Flood
1.9263696670532229,161.46,6.0,64.0,1.5521414144277723,1.5521414144277723,0.0,0.0,1.0,0.0,0.0,0.0,0.0,0.0,0.0,2.99,0.0,0.0,0.0,0.0,0.0,0.0,0.0,0.0,0.0,0.0,1.0,0.0,0.0,0.0,0.0,1.0,1.0,567.0,54.0,54.0,54.0,0.0,54.0,9.5,10.392304845413264,0.0,0.0,0.0,141.55,DDoS-SynonymousIP_Flood
0.3435877442359924,1128875.76,6.0,91.14,3157.0138993895853,3157.0138993895853,0.0,0.0,0.0,0.0,0.0,1.0,0.0,0.0,0.0,0.0,0.0,237.09,1084.56,1.0,0.0,0.0,0.0,0.0,0.0,0.0,1.0,0.0,0.0,0.0,0.0,1.0,1.0,10176.76,190.88,2816.68,1074.2311654267644,1026.1009933334624,932.68,9.5,45.32921789553345,1451.1334236673197,1169966.1946578214,0.95,141.55,VulnerabilityScan
79.63404703140259,3930.7,8.8,93.5,15.219188825133044,15.219188825133044,0.0,0.0,0.0,0.0,0.0,0.0,0.0,0.0,0.2,0.7,0.0,0.4,1.5,0.0,0.0,0.0,0.0,0.0,0.0,0.0,1.0,0.0,0.0,0.0,0.0,1.0,1.0,2002.5,66.0,267.5,129.94209002555752,74.2204776010951,114.7,13.5,16.05540132237449,103.5245497315041,5360.8864269737,1.0,244.6,BenignTraffic
1.8452585935592647,72466.7,17.0,55.5,86.74320583977645,86.74320583977645,0.0,0.0,0.0,0.0,0.0,0.0,0.0,0.0,0.0,0.0,0.0,0.0,0.0,0.0,0.0,0.0,0.0,0.0,0.0,0.0,0.0,1.0,0.0,0.0,0.0,1.0,1.0,1975.5,46.0,648.1,354.63396825396825,287.6616638694923,312.5,5.5,25.93681354998528,406.8150264190466,92102.74118644495,0.9,38.5,DNS_Spoofing
0.084057068824768,83.8,7.1,67.1,16.13767206621031,16.13767206621031,0.0,0.0,1.0,0.0,0.0,0.0,0.0,0.0,0.0,0.7,0.6,0.0,0.6,0.0,0.0,0.0,0.0,0.0,0.0,0.0,1.0,0.0,0.0,0.0,0.0,1.0,1.0,889.8,54.0,61.8,57.40951662458629,2.152743246620452,57.6,13.5,10.715011007684344,3.051358589836243,4.6635045927323,1.0,244.6,Recon-HostDiscovery
0.0,54.0,6.0,64.0,0.4022556717271539,0.4022556717271539,0.0,0.0,1.0,0.0,0.0,0.0,0.0,0.0,0.0,1.0,0.0,0.0,0.0,0.0,0.0,0.0,0.0,0.0,0.0,0.0,1.0,0.0,0.0,0.0,0.0,1.0,1.0,567.0,54.0,54.0,54.0,0.0,54.0,9.5,10.392304845413264,0.0,0.0,0.0,141.55,DoS-SYN_Flood
21.64052584171295,50264.6,12.0,76.3,36.89801980216125,36.89801980216125,0.0,0.0,0.0,0.0,0.0,0.0,0.0,0.0,0.0,0.1,0.0,41.7,90.3,0.0,0.0,0.0,0.0,0.0,0.0,0.0,0.0,1.0,0.0,0.0,0.0,1.0,1.0,405.6,57.2,108.4,68.31507936507937,16.83290261689472,88.0,5.5,11.64781564839291,23.805319174918075,742.277726127488,0.8,38.5,BenignTraffic
6.011840789318085,1438.37,6.05,65.23,5.033423513148877,5.033423513148877,0.0,0.0,0.0,0.0,0.0,1.0,0.0,0.0,0.57,0.02,0.01,5.36,11.27,1.0,0.0,0.0,0.0,0.0,0.0,0.0,1.0,0.0,0.0,0.0,0.0,1.0,1.0,1346.71,64.36,346.09,114.22593719709086,96.54088877409792,152.77,9.5,14.758226788417398,136.26227827648037,16989.729476230215,0.9,141.55,DDoS-SlowLoris
762.2811162233353,33968.9,11.0,82.7,9.26808039167603,9.26808039167603,0.0,0.0,0.0,0.0,0.0,0.0,0.0,0.0,0.0,0.3,0.0,127.6,252.8,0.0,0.0,0.0,0.0,0.0,0.0,0.0,0.0,0.0,0.0,0.0,0.0,1.0,1.0,825.7,63.1,427.8,151.47825396825397,128.75249527213717,138.5,5.5,17.279861244076457,182.0835250032341,20476.677096497857,0.9,38.5,Backdoor_Malware
2.328491325378418,108.0,6.0,64.0,1.166922363142976,1.166922363142976,0.0,0.0,1.0,0.0,0.0,0.0,0.0,0.0,0.0,2.0,0.0,0.0,0.0,0.0,0.0,0.0,0.0,0.0,0.0,0.0,1.0,0.0,0.0,0.0,0.0,1.0,1.0,567.0,54.0,54.0,54.0,0.0,54.0,9.5,10.392304845413264,0.0,0.0,0.0,141.55,DDoS-SynonymousIP_Flood
24.991381669044493,428261.7,5.4,74.9,46.64459281683282,46.64459281683282,0.0,0.0,0.0,0.0,0.0,1.0,0.0,0.0,0.0,1.4,0.0,109.5,574.9,0.0,1.0,0.0,0.0,0.0,0.0,0.0,1.0,0.0,0.0,0.0,0.0,1.0,1.0,6512.6,404.9,1417.7,1140.0625793650795,422.627182360529,991.7,5.5,47.44372895376889,597.6850931217874,208070.22546918303,0.9,38.5,BenignTraffic
0.0,54.0,6.0,64.0,31.91623546600109,31.91623546600109,0.0,0.0,1.0,0.0,0.0,0.0,0.0,0.0,0.0,1.0,0.0,0.0,0.0,1.0,0.0,0.0,0.0,0.0,0.0,0.0,1.0,0.0,0.0,0.0,0.0,1.0,1.0,567.0,54.0,54.0,54.0,0.0,54.0,9.5,10.392304845413264,0.0,0.0,0.0,141.55,DDoS-SYN_Flood
0.0100564694404602,13975.0,17.0,64.0,28228.94435229864,28228.94435229864,0.0,0.0,0.0,0.0,0.0,0.0,0.0,0.0,0.0,0.0,0.0,0.0,0.0,0.0,0.0,0.0,0.0,0.0,0.0,0.0,0.0,1.0,0.0,0.0,0.0,1.0,1.0,525.0,50.0,50.0,50.0,0.0,50.0,9.5,10.0,0.0,0.0,0.0,141.55,DDoS-UDP_Flood
0.6547374248504638,205529.42,16.67,65.27,221.7288645446355,221.7288645446355,0.0,0.0,0.0,0.0,0.0,0.0,0.0,0.0,0.0,0.0,0.0,0.0,0.0,0.0,0.0,0.0,0.0,0.0,0.0,0.0,0.0,0.0,0.0,0.0,0.0,1.0,1.0,9022.63,291.02,1467.92,847.3252225165186,551.3661387315685,891.19,9.5,40.95386941241789,779.7589708644439,320263.1089387897,0.95,141.55,DDoS-UDP_Fragmentation
0.0,54.0,6.0,64.0,1037.2954123902564,1037.2954123902564,0.0,1.0,0.0,1.0,0.0,0.0,0.0,0.0,1.0,0.0,1.0,0.0,0.0,0.0,0.0,0.0,0.0,0.0,0.0,0.0,1.0,0.0,0.0,0.0,0.0,1.0,1.0,567.0,54.0,54.0,54.0,0.0,54.0,9.5,10.392304845413264,0.0,0.0,0.0,141.55,DDoS-RSTFINFlood
1.2989735221862793,75883.99,5.39,72.34,66.30134339598912,66.30134339598912,0.0,0.0,0.0,0.0,0.0,1.0,0.0,0.0,0.0,0.02,0.13,9.64,87.51,0.0,0.0,0.0,0.0,0.0,0.0,0.0,1.0,0.0,0.0,0.0,0.0,1.0,1.0,4210.16,140.73,1261.7,423.64789305405634,344.5546334212005,358.3,9.5,24.60003546576552,486.8604763033101,233460.3757085475,0.84,141.55,DDoS-SlowLoris
1.6343067288398745,7184.22,6.0,63.9,5.546228386824158,5.546228386824158,0.0,0.0,0.0,0.0,0.0,1.0,0.0,0.0,0.27,0.78,1.28,2.6,7.77,1.0,0.0,0.0,0.0,0.0,0.0,0.0,1.0,0.0,0.0,0.0,0.0,1.0,1.0,2780.35,123.98,561.13,275.1948279339769,163.71173543869955,292.35,9.5,19.537661128853983,231.4983644163516,85381.1546626832,0.84,141.55,DoS-HTTP_Flood
0.0,54.0,6.0,64.0,0.0,0.0,0.0,0.0,0.0,0.0,1.0,1.0,0.0,0.0,0.0,0.0,0.0,1.0,1.0,0.0,0.0,0.0,0.0,0.0,0.0,0.0,1.0,0.0,0.0,0.0,0.0,1.0,1.0,567.0,54.0,54.0,54.0,0.0,54.0,9.5,10.392304845413264,0.0,0.0,0.0,141.55,DDoS-PSHACK_Flood
0.0,54.0,6.0,64.0,12.829560296704132,12.829560296704132,0.0,0.0,0.0,0.0,0.0,0.0,0.0,0.0,0.0,0.0,0.0,0.0,0.0,0.0,0.0,0.0,0.0,0.0,0.0,0.0,1.0,0.0,0.0,0.0,0.0,1.0,1.0,567.0,54.0,54.0,54.0,0.0,54.0,9.5,10.392304845413264,0.0,0.0,0.0,141.55,DDoS-TCP_Flood
1.2918716669082642,685890.78,17.0,64.0,954.5819177601804,954.5819177601804,0.0,0.0,0.0,0.0,0.0,0.0,0.0,0.0,0.0,0.0,0.0,0.0,0.0,0.0,0.0,0.0,0.0,0.0,0.0,0.0,0.0,1.0,0.0,0.0,0.0,1.0,1.0,5817.0,554.0,554.0,554.0,0.0,554.0,9.5,33.28663395418648,0.0,0.0,0.0,141.55,Mirai-udpplain
76.89717321395874,52486.0,12.6,112.5,64532.49161230378,64532.49161230378,0.0,0.0,0.0,0.0,0.0,0.0,0.0,0.0,0.0,0.0,0.0,147.8,311.0,0.0,0.0,0.0,0.0,0.0,0.0,0.0,0.0,1.0,0.0,0.0,0.0,1.0,1.0,1153.6,61.2,309.4,189.28277777777777,91.6696783019367,225.4,5.5,19.22204561696872,129.6405023129775,9808.197631834217,0.9,38.5,BenignTraffic
0.1251517224311828,9863.5,17.0,64.0,5682.133159786144,5682.133159786144,0.0,0.0,0.0,0.0,0.0,0.0,0.0,0.0,0.0,0.0,0.0,0.0,0.0,0.0,0.0,0.0,0.0,0.0,0.0,0.0,0.0,1.0,0.0,0.0,0.0,1.0,1.0,525.0,50.0,50.0,50.0,0.0,50.0,9.5,10.0,0.0,0.0,0.0,141.55,DDoS-UDP_Flood
17.816539430618285,664010.2,13.8,61.9,49.8561379374709,49.8561379374709,0.0,0.0,0.0,0.0,0.0,0.0,0.0,0.0,0.0,0.0,0.0,0.0,0.0,0.0,0.0,0.0,0.0,0.0,0.0,0.0,0.0,1.0,0.0,0.0,0.0,1.0,1.0,3238.2,46.0,900.0,206.93454378868464,269.34212838263727,307.6,13.5,20.154341412545897,377.3171308973813,71611.74083485818,1.0,244.6,MITM-ArpSpoofing
2.9776875257492064,2055.0,8.2,112.0,44.38453330627466,44.38453330627466,0.0,0.0,0.0,0.0,0.0,0.0,0.0,0.0,0.0,0.4,0.0,1.2,4.7,0.0,0.0,0.0,0.0,0.0,0.0,0.0,0.0,0.0,0.0,0.0,0.0,1.0,1.0,1672.9,54.0,230.0,108.38581991108306,60.28088063086998,96.3,13.5,14.737112013861069,85.32660498775786,3652.413631112957,1.0,244.6,CommandInjection
35.09603383541107,2510.3,9.4,98.5,2.7496624231035067,2.7496624231035067,0.0,0.0,0.0,0.0,0.0,0.0,0.0,0.0,0.0,0.0,0.0,10.9,17.3,0.0,0.0,0.0,0.0,0.0,0.0,0.0,0.0,0.0,0.0,0.0,0.0,1.0,1.0,3535.8,58.0,373.0,231.4879264242809,114.7718208563782,144.0,13.5,21.507662472198994,162.7018762914674,13243.8060504187,1.0,244.6,Uploading_Attack
4.111361563205719,162.0,6.0,64.0,0.7297007393125434,0.7297007393125434,0.0,0.0,1.0,0.0,0.0,0.0,0.0,0.0,0.0,3.0,0.0,0.0,0.0,0.0,0.0,0.0,0.0,0.0,0.0,0.0,1.0,0.0,0.0,0.0,0.0,1.0,1.0,567.0,54.0,54.0,54.0,0.0,54.0,9.5,10.392304845413264,0.0,0.0,0.0,141.55,DDoS-SynonymousIP_Flood
5.9144408941268924,376.0,17.0,64.0,0.3516673427047931,0.3516673427047931,0.0,0.0,0.0,0.0,0.0,0.0,0.0,0.0,0.0,0.0,0.0,0.0,0.0,0.0,0.0,0.0,0.0,0.0,0.0,0.0,0.0,1.0,0.0,0.0,0.0,1.0,1.0,1526.0,94.0,163.0,98.61452268191046,17.146338332831768,94.0,13.5,14.044982681893734,24.30080875272512,297.4374696049661,1.0,244.6,DNS_Spoofing
55.75514416694641,4348202.2,6.0,64.0,73.16813265371768,73.16813265371768,0.0,0.0,0.0,0.0,0.0,1.0,0.0,0.0,0.0,0.0,0.0,140.1,4079.5,0.0,1.0,0.0,0.0,0.0,0.0,0.0,1.0,0.0,0.0,0.0,0.0,1.0,1.0,14618.2,1434.0,6871.6,2578.554285714285,1919.240056356689,2302.8,5.5,71.32180013157202,2714.215317149333,4667443.812244898,0.9,38.5,BenignTraffic
0.8933569598197937,1599.21,6.0,65.91,483.176769125866,483.176769125866,0.0,0.0,0.0,0.0,0.0,1.0,0.0,0.0,0.01,1.53,0.04,4.54,10.04,1.0,0.0,0.0,0.0,0.0,0.0,0.0,1.0,0.0,0.0,0.0,0.0,1.0,1.0,912.92,55.44,198.0,86.28963457599333,48.58601418800993,84.94,9.5,13.10009098386456,68.7919067464563,2792.800432582348,0.94,141.55,DDoS-SlowLoris
10.764608216285705,750119.6,5.4,55.6,50.07852061445509,50.07852061445509,0.0,0.0,0.0,0.0,0.0,1.0,0.0,0.0,0.0,0.7,0.0,51.5,718.0,0.0,1.0,0.0,0.0,0.0,0.0,0.0,1.0,0.0,0.0,0.0,0.0,1.0,1.0,4264.3,178.3,1397.3,809.5525793650794,556.142857226031,581.3,5.5,39.70377687402081,786.5047713059769,346570.5052734159,0.9,38.5,BenignTraffic
1.713539433479309,64291.1,12.6,62.2,49.9530574406983,49.9530574406983,0.0,0.0,0.0,0.0,0.0,0.0,0.0,0.0,0.0,0.0,0.0,11.1,74.7,0.0,0.0,0.0,0.0,0.0,0.0,0.0,0.0,1.0,0.0,0.0,0.0,1.0,1.0,2542.7,250.2,1661.0,615.3840476190477,547.9534711861509,451.8,5.5,33.78680792218351,774.9232305008695,337795.71647108847,0.9,38.5,BenignTraffic
0.0,0.0,47.0,64.0,8.006666011264644,8.006666011264644,0.0,0.0,0.0,0.0,0.0,0.0,0.0,0.0,0.0,0.0,0.0,0.0,0.0,0.0,0.0,0.0,0.0,0.0,0.0,0.0,0.0,0.0,0.0,0.0,0.0,1.0,1.0,6216.0,592.0,592.0,592.0,0.0,592.0,9.5,34.409301068170514,0.0,0.0,0.0,141.55,Mirai-greeth_flood
0.0,0.0,1.0,64.0,49.02321830348013,49.02321830348013,0.0,0.0,0.0,0.0,0.0,0.0,0.0,0.0,0.0,0.0,0.0,0.0,0.0,0.0,0.0,0.0,0.0,0.0,0.0,0.0,0.0,0.0,0.0,0.0,1.0,1.0,1.0,441.0,42.0,42.0,42.0,0.0,42.0,9.5,9.16515138991168,0.0,0.0,0.0,141.55,DDoS-ICMP_Flood
0.0054831624031066,15.6,1.39,62.5,29.16938134206224,29.16938134206224,0.0,0.0,0.0,0.0,0.0,0.0,0.0,0.0,0.02,0.05,0.0,0.04,0.11,0.0,0.0,0.0,0.0,0.0,0.0,0.0,0.0,0.0,0.0,0.0,1.0,1.0,1.0,8999.78,327.78,1479.44,861.7188286714147,549.9574798810252,869.58,9.5,41.21890819892805,777.5628819111304,318491.8843845525,0.95,141.55,DDoS-ICMP_Fragmentation
7.876583504676819,849123.4,6.0,45.1,408.1454869942255,408.1454869942255,0.0,0.0,0.0,0.0,0.0,1.0,0.0,0.0,0.0,1.8,0.0,2.5,850.7,1.0,0.0,0.0,0.0,0.0,0.0,0.0,1.0,0.0,0.0,0.0,0.0,1.0,1.0,1067.7,54.0,201.9,69.03683547661488,35.492751646455105,70.3,13.5,11.752245766501384,50.30632906840026,1369.8787626470032,1.0,244.6,DNS_Spoofing
0.0,54.0,6.0,64.0,2.049716237013296,2.049716237013296,0.0,0.0,0.0,0.0,0.0,0.0,0.0,0.0,0.0,0.0,0.0,0.0,0.0,0.0,0.0,0.0,0.0,0.0,0.0,0.0,1.0,0.0,0.0,0.0,0.0,1.0,1.0,567.0,54.0,54.0,54.0,0.0,54.0,9.5,10.392304845413264,0.0,0.0,0.0,141.55,DoS-TCP_Flood
0.0,54.0,6.0,64.0,2.0399954086407046,2.0399954086407046,0.0,1.0,0.0,1.0,0.0,0.0,0.0,0.0,1.0,0.0,1.0,0.0,0.0,0.0,0.0,0.0,0.0,0.0,0.0,0.0,1.0,0.0,0.0,0.0,0.0,1.0,1.0,567.0,54.0,54.0,54.0,0.0,54.0,9.5,10.392304845413264,0.0,0.0,0.0,141.55,DDoS-RSTFINFlood
0.0,54.0,6.0,67.82,38.05979873506167,38.05979873506167,0.0,0.0,0.0,0.0,1.0,1.0,0.0,0.0,0.0,0.0,0.02,0.98,1.0,0.0,0.0,0.0,0.0,0.0,0.0,0.0,1.0,0.0,0.0,0.0,0.0,1.0,1.0,567.0,54.0,54.0,54.0,0.0,54.0,9.5,10.392304845413264,0.0,0.0,0.0,141.55,DDoS-PSHACK_Flood
0.151445198059082,116877.0,6.0,64.0,610.7612313841365,610.7612313841365,0.0,0.0,0.0,0.0,0.0,1.0,0.0,0.0,0.0,0.0,0.0,1.0,92.5,0.0,1.0,0.0,0.0,0.0,0.0,0.0,1.0,0.0,0.0,0.0,0.0,1.0,1.0,23467.0,1514.0,1514.0,1514.0,0.0,1514.0,13.5,55.02726596879042,0.0,0.0,0.0,244.6,BenignTraffic
5.857161536216736,3254.35,6.72,69.88,171.67466544991763,171.67466544991763,0.0,0.0,0.0,0.0,0.0,1.0,0.0,0.0,0.06,0.85,0.0,13.33,26.94,1.0,0.0,0.0,0.0,0.0,0.0,0.0,1.0,0.0,0.0,0.0,0.0,1.0,1.0,1090.12,59.54,226.4,97.42377096265449,57.46325903878065,118.12,9.5,13.834421717652036,80.53453373451978,5451.814202948244,0.95,141.55,DDoS-SlowLoris
0.0989991354942321,38607.0,17.0,64.0,1560.56285633636,1560.56285633636,0.0,0.0,0.0,0.0,0.0,0.0,0.0,0.0,0.0,0.0,0.0,0.0,0.0,0.0,0.0,0.0,0.0,0.0,0.0,0.0,0.0,1.0,0.0,0.0,0.0,1.0,1.0,10021.8,396.56,1490.96,959.1346555611572,544.0291374269455,949.52,9.5,43.67689044920514,769.35776519811,311586.01155949885,0.95,141.55,DDoS-UDP_Fragmentation
0.6979285955429078,1946.85,6.0,63.96,108.95668976869872,108.95668976869872,0.0,0.0,0.0,0.0,0.0,1.0,0.0,0.0,0.11,1.66,0.0,6.31,13.99,0.0,1.0,0.0,0.0,0.0,0.0,0.0,1.0,0.0,0.0,0.0,0.0,1.0,1.0,1013.5,68.26,192.85,98.0389910494562,45.47211763257737,96.23,9.5,13.90110476000519,64.28892359852561,2742.5370330833034,0.93,141.55,DDoS-SlowLoris
18.16233892440796,830054.7,8.2,126.8,92.15836309463783,92.15836309463783,0.0,0.0,0.0,0.0,0.0,1.0,0.0,0.0,0.0,1.4,0.0,131.0,914.3,0.0,1.0,0.0,0.0,0.0,0.0,0.0,1.0,0.0,0.0,0.0,0.0,1.0,1.0,1844.6,66.0,653.6,233.94793650793653,254.63198457537143,650.8,5.5,19.337897321530555,360.10400600046705,159915.77831191738,0.7,38.5,BenignTraffic
126.34993853569031,20031.2,11.5,169.8,11.885453354019896,11.885453354019896,0.0,0.0,0.0,0.0,0.0,0.0,0.0,0.0,0.0,1.0,0.0,6.4,13.5,0.0,0.0,0.0,0.0,0.0,0.0,0.0,0.0,0.0,0.0,0.0,0.0,1.0,1.0,1541.3,51.6,274.0,98.4993590598428,58.08377353386287,114.2,13.5,14.04575825310728,82.29796300788158,3567.7141664744354,1.0,244.6,DictionaryBruteForce
7443.905478096009,22806.5,9.8,148.3,0.2209542551658241,0.2209542551658241,0.0,0.0,0.0,0.0,0.0,0.0,0.0,0.0,0.0,0.2,0.0,77.6,154.5,0.0,0.0,0.0,0.0,0.0,0.0,0.0,0.0,0.0,0.0,0.0,0.0,1.0,1.0,1963.2,65.4,230.0,127.09522001734076,63.1371156939988,120.4,13.5,15.962283769711972,89.28547695072174,3986.9518539638543,1.0,244.6,Recon-OSScan
0.0,54.0,6.0,64.0,0.9719753515276216,0.9719753515276216,0.0,0.0,0.0,0.0,0.0,0.0,0.0,0.0,0.0,0.0,0.0,0.0,0.0,0.0,0.0,0.0,0.0,0.0,0.0,0.0,1.0,0.0,0.0,0.0,0.0,1.0,1.0,567.0,54.0,54.0,54.0,0.0,54.0,9.5,10.392304845413264,0.0,0.0,0.0,141.55,DDoS-TCP_Flood
0.3264455270767212,38331.0,17.0,64.0,6277.45073924967,6277.45073924967,0.0,0.0,0.0,0.0,0.0,0.0,0.0,0.0,0.0,0.0,0.0,0.0,0.0,0.0,0.0,0.0,0.0,0.0,0.0,0.0,0.0,1.0,0.0,0.0,0.0,1.0,1.0,525.0,50.0,50.0,50.0,0.0,50.0,9.5,10.0,0.0,0.0,0.0,141.55,DDoS-UDP_Flood
9.617855381965636,1074990.8,14.8,78.0,134.0957101953133,134.0957101953133,0.0,0.0,0.0,0.0,0.0,0.0,0.0,0.0,0.0,0.2,0.0,0.7,2.2,0.0,0.0,0.0,0.0,0.0,0.0,0.0,0.0,1.0,0.0,0.0,0.0,1.0,1.0,14426.9,165.0,1206.0,939.3810814868826,363.928327722348,713.2,13.5,43.41716188985328,511.27178016965183,132205.98583467124,1.0,244.6,MITM-ArpSpoofing
0.0913226461410522,62.64,6.0,64.0,3.574178250413848,3.574178250413848,0.0,0.0,1.0,0.0,0.0,0.0,0.0,0.0,0.0,1.0,0.16,0.0,0.0,0.0,0.0,0.0,0.0,0.0,0.0,0.0,1.0,0.0,0.0,0.0,0.0,1.0,1.0,567.0,54.0,54.0,54.0,0.0,54.0,9.5,10.392304845413264,0.0,0.0,0.0,141.55,DoS-SYN_Flood
11.007542276382448,1063753.0,6.0,231.0,90.07458713585268,90.07458713585268,0.0,0.0,0.0,0.0,0.0,1.0,0.0,0.0,0.0,2.0,0.0,44.0,990.5,0.0,1.0,0.0,0.0,0.0,0.0,0.0,1.0,0.0,0.0,0.0,0.0,1.0,1.0,363.0,66.0,66.0,66.0,0.0,66.0,5.5,11.489125293076055,0.0,0.0,0.0,38.5,BenignTraffic
7.980219085216522,5007.09,7.49,78.83,56.23661262935732,56.23661262935732,0.0,0.0,0.0,0.0,0.0,1.0,0.0,0.0,0.16,0.68,0.0,19.61,39.51,0.0,0.0,0.0,0.0,0.0,0.0,0.0,1.0,0.0,0.0,0.0,0.0,1.0,1.0,1741.62,66.54,679.41,168.1848175239793,186.86959878648395,159.92,9.5,17.71597041485873,264.07483607428344,75561.0052751819,0.91,141.55,DDoS-SlowLoris
2.6752007579803467,934044.0,17.0,64.0,633.1781120658032,633.1781120658032,0.0,0.0,0.0,0.0,0.0,0.0,0.0,0.0,0.0,0.0,0.0,0.0,0.0,0.0,0.0,0.0,0.0,0.0,0.0,0.0,0.0,1.0,0.0,0.0,0.0,1.0,1.0,5817.0,554.0,554.0,554.0,0.0,554.0,9.5,33.28663395418648,0.0,0.0,0.0,141.55,Mirai-udpplain
94.13675529956818,622099.2,9.3,149.5,36.8192933526738,36.8192933526738,0.0,0.0,0.0,0.0,0.0,1.0,0.0,0.0,0.0,0.6,0.0,359.3,1166.0,0.0,1.0,0.0,0.0,0.0,0.0,0.0,1.0,0.0,0.0,0.0,0.0,1.0,1.0,537.4,50.0,147.4,85.35420634920635,37.14172016865054,112.0,5.5,12.921974932335516,52.52632439237191,2098.793526769968,0.9,38.5,BenignTraffic
0.1518917107582092,74.68,6.0,63.77,17.33918384824626,17.33918384824626,0.0,0.0,1.0,0.0,0.0,0.0,0.0,0.0,0.0,1.27,0.0,0.03,0.06,0.0,1.0,0.0,0.0,0.0,0.0,0.0,1.0,0.0,0.0,0.0,0.0,1.0,1.0,567.0,54.0,54.0,54.0,0.0,54.0,9.5,10.392304845413264,0.0,0.0,0.0,141.55,DDoS-SynonymousIP_Flood
27.947482109069824,2430918.4,6.0,64.0,79.56604398956043,79.56604398956043,0.0,0.0,0.0,0.0,0.0,1.0,0.0,0.0,0.0,0.0,0.0,92.5,2223.7,0.0,1.0,0.0,0.0,0.0,0.0,0.0,1.0,0.0,0.0,0.0,0.0,1.0,1.0,7128.4,314.0,1852.1,1180.2520238095235,536.2182832324924,1571.5,5.5,48.21840893097349,758.3271685398083,337022.2141455499,0.9,38.5,BenignTraffic
9.10325180530548,2140.12,6.22,63.37,164.0160158371348,164.0160158371348,0.0,0.0,0.0,0.0,0.0,1.0,0.0,0.0,0.0,1.82,0.0,5.96,13.74,1.0,0.0,0.0,0.0,0.0,0.0,0.0,1.0,0.0,0.0,0.0,0.0,1.0,1.0,1201.39,68.5,291.46,118.25351070773053,84.70101079742251,107.36,9.5,14.998958072957803,119.90921626046855,15728.297639949413,0.94,141.55,DDoS-SlowLoris
62.729319500923154,3660237.6,7.1,83.1,64.62842389077548,64.62842389077548,0.0,0.0,0.0,0.0,0.0,1.0,0.0,0.0,0.0,1.6,0.0,251.7,3782.2,0.0,1.0,0.0,0.0,0.0,0.0,0.0,1.0,0.0,0.0,0.0,0.0,1.0,1.0,6679.6,185.6,1964.8,1071.441031746032,654.9825097725649,1411.6,5.5,45.440380146865664,926.2851484375294,523928.43606342905,0.9,38.5,BenignTraffic
0.0429703688621521,1141.24,16.67,65.68,22.10343154286106,22.10343154286106,0.0,0.0,0.0,0.0,0.0,0.0,0.0,0.0,0.0,0.03,0.0,0.32,0.57,0.0,0.0,0.0,0.0,0.0,0.0,0.0,0.0,1.0,0.0,0.0,0.0,1.0,1.0,1857.6,162.2,182.0,177.7603871532664,7.232109885678924,177.84,9.5,18.84622140667356,10.239407990888855,351.1686523210126,0.15,141.55,DoS-UDP_Flood
0.0545477819442749,16336.35,16.89,64.59,6023.514467237634,6023.514467237634,0.0,0.0,0.0,0.0,0.0,0.0,0.0,0.0,0.0,0.0,0.0,0.01,0.01,0.0,0.0,0.0,0.0,0.0,0.0,0.0,0.0,1.0,0.0,0.0,0.0,1.0,1.0,535.2,50.0,60.2,50.74790013714355,2.634359312927527,50.85,9.5,10.072681785263905,3.731980126011373,58.77557862741934,0.12,141.55,DoS-UDP_Flood
0.0,0.94,1.14,63.36,27.58965824587484,27.58965824587484,0.0,0.0,0.0,0.0,0.0,0.0,0.0,0.0,0.0,0.0,0.0,0.0,0.0,0.0,0.0,0.0,0.0,0.0,0.0,0.0,0.0,0.0,0.0,0.0,1.0,1.0,1.0,9722.1,342.54,1490.96,938.2021384669684,550.0429210281505,917.76,9.5,43.18789271121262,777.8879473058831,318753.004686999,0.95,141.55,DDoS-ICMP_Fragmentation
0.0,0.0,1.0,64.0,26.900876748526468,26.900876748526468,0.0,0.0,0.0,0.0,0.0,0.0,0.0,0.0,0.0,0.0,0.0,0.0,0.0,0.0,0.0,0.0,0.0,0.0,0.0,0.0,0.0,0.0,0.0,0.0,1.0,1.0,1.0,441.0,42.0,42.0,42.0,0.0,42.0,9.5,9.16515138991168,0.0,0.0,0.0,141.55,DDoS-ICMP_Flood
0.0,54.0,6.0,64.0,56.230321149192605,56.230321149192605,0.0,0.0,1.0,0.0,0.0,0.0,0.0,0.0,0.0,1.0,0.0,0.0,0.0,0.0,0.0,0.0,0.0,0.0,0.0,0.0,1.0,0.0,0.0,0.0,0.0,1.0,1.0,567.0,54.0,54.0,54.0,0.0,54.0,9.5,10.392304845413264,0.0,0.0,0.0,141.55,DDoS-SynonymousIP_Flood
64.38046247959137,2926774.4,8.7,118.1,64555.2655336247,64555.2655336247,0.0,0.0,0.0,0.0,0.0,1.0,0.0,0.0,0.0,0.0,0.0,182.9,2924.9,0.0,0.0,0.0,0.0,0.0,0.0,0.0,1.0,0.0,0.0,0.0,0.0,1.0,1.0,11847.3,54.0,2962.0,786.4171252238473,971.617939766297,155.5,13.5,39.62647942401802,1376.06930303104,949461.2444324218,1.0,244.6,BenignTraffic
8.184516501426696,5329356.4,6.0,120.5,374.9841115425132,374.9841115425132,0.0,0.0,0.0,0.0,0.0,1.0,0.0,0.0,0.2,0.2,0.0,93.8,3158.1,0.0,1.0,0.0,0.0,0.0,0.0,0.0,1.0,0.0,0.0,0.0,0.0,1.0,1.0,4063.4,54.0,2974.0,264.8069333057723,749.3206049806415,347.2,13.5,22.34592422125309,1028.0396718205377,532320.4997246923,1.0,244.6,MITM-ArpSpoofing
0.0,0.0,46.53,63.36,13.566313733037276,13.566313733037276,0.0,0.0,0.0,0.0,0.0,0.0,0.0,0.0,0.0,0.0,0.0,0.0,0.0,0.0,0.0,0.0,0.0,0.0,0.0,0.0,0.0,0.0,0.0,0.0,0.0,1.0,1.0,6189.4,565.4,592.0,590.5130032679739,6.105544953665202,586.68,9.5,34.36510903235428,8.674810354362192,753.2661098028536,0.05,141.55,Mirai-greeth_flood
1.0689837336540222,3776.25,6.32,71.46,135018.79645029985,135018.79645029985,0.0,0.0,0.0,0.0,0.0,1.0,0.0,0.0,0.0,3.12,0.5,8.75,20.28,0.0,0.0,0.0,0.0,0.0,0.0,0.0,1.0,0.0,0.0,0.0,0.0,1.0,1.0,1067.33,75.74,221.2,115.08240811888491,54.65085692174111,96.78,9.5,14.941252622043304,77.33613205792736,3609.035229740634,0.88,141.55,DDoS-SlowLoris
696.8271239084356,49665.205882352944,9.941176470588236,104.0,1.496189942538266,1.496189942538266,0.0,0.0,0.0,0.0,0.0,0.0,0.0,0.0,0.0,0.0,0.0,218.6176470588236,434.4705882352941,0.0,0.0,0.0,0.0,0.0,0.0,0.0,0.0,0.0,0.0,0.0,0.0,1.0,1.0,927.8529411764706,60.52941176470589,206.2058823529412,101.3110419306103,46.76508188825058,93.70588235294116,8.676470588235293,14.16558780913187,66.17910606800434,2567.1198163910863,0.9411764705882352,113.11764705882354,VulnerabilityScan
1.9396886348724365,330366.2,6.0,64.0,125.5342937313676,125.5342937313676,0.0,0.0,0.0,0.0,0.0,1.0,0.0,0.0,0.0,2.0,0.0,12.5,242.5,0.0,1.0,0.0,0.0,0.0,0.0,0.0,1.0,0.0,0.0,0.0,0.0,1.0,1.0,15422.2,1658.8,4120.4,2832.0822222222223,1007.7832993168367,2527.6,5.5,75.16212249862261,1425.2208098269748,1148767.5273156967,0.9,38.5,BenignTraffic
0.0,0.0,1.0,65.91,26.15432678067564,26.15432678067564,0.0,0.0,0.0,0.0,0.0,0.0,0.0,0.0,0.0,0.0,0.0,0.0,0.0,0.0,0.0,0.0,0.0,0.0,0.0,0.0,0.0,0.0,0.0,0.0,1.0,1.0,1.0,441.0,42.0,42.0,42.0,0.0,42.0,9.5,9.16515138991168,0.0,0.0,0.0,141.55,DDoS-ICMP_Flood
4.921734981536865,381494.55,6.0,64.0,79749.2878631437,79749.2878631437,0.0,0.0,0.0,0.0,0.0,1.0,0.0,0.0,0.0,3.55,0.43,34.03,420.03,0.0,0.0,0.0,0.0,0.0,0.0,0.0,1.0,0.0,0.0,0.0,0.0,1.0,1.0,3920.15,93.86,957.32,380.2981853773591,266.52485955891063,375.18,9.5,22.958101019120363,372.90843994403,187059.2776736476,0.95,141.55,DDoS-SlowLoris
3.011015858650208,751225.74,16.89,63.77,432.48851280140303,432.48851280140303,0.0,0.0,0.0,0.0,0.0,0.0,0.0,0.0,0.0,0.03,0.0,0.0,0.02,0.0,0.0,0.0,0.0,0.0,0.0,0.0,0.0,1.0,0.0,0.0,0.0,1.0,1.0,5742.6,479.6,554.0,547.4805446339006,20.59674852306956,549.04,9.5,33.085708836242254,29.16574221885035,2913.3600641690427,0.15,141.55,Mirai-udpplain
0.2411236691474914,8925.33,6.11,141.72,553.7837746301393,553.7837746301393,0.0,0.0,0.0,0.0,0.0,1.0,0.0,0.0,0.06,0.03,0.0,1.06,6.37,1.0,0.0,0.0,0.0,0.0,0.0,0.0,1.0,0.0,0.0,0.0,0.0,1.0,1.0,9861.34,508.97,1452.19,905.329193207506,349.08393405768635,920.48,9.5,39.76693114655873,494.3737009864073,228037.7838541253,0.78,141.55,DoS-HTTP_Flood
0.0639362597465515,89.64,6.0,64.0,226.65141610167564,226.65141610167564,0.0,0.0,1.0,0.0,0.0,0.0,0.0,0.0,0.0,1.66,0.0,0.0,0.0,0.0,0.0,0.0,0.0,0.0,0.0,0.0,1.0,0.0,0.0,0.0,0.0,1.0,1.0,567.0,54.0,54.0,54.0,0.0,54.0,9.5,10.392304845413264,0.0,0.0,0.0,141.55,DDoS-SynonymousIP_Flood
0.0,54.0,6.0,64.0,19.789605595419182,19.789605595419182,0.0,0.0,0.0,0.0,0.0,0.0,0.0,0.0,0.0,0.0,0.0,0.0,0.0,0.0,0.0,0.0,0.0,0.0,0.0,0.0,1.0,0.0,0.0,0.0,0.0,1.0,1.0,567.0,54.0,54.0,54.0,0.0,54.0,9.5,10.392304845413264,0.0,0.0,0.0,141.55,DDoS-TCP_Flood
48.233206033706665,2534067.2,7.1,197.1,50.13235722044119,50.13235722044119,0.0,0.0,0.0,0.0,0.0,1.0,0.0,0.0,0.0,0.0,0.0,135.1,2449.8,0.0,1.0,0.0,0.0,0.0,0.0,0.0,1.0,0.0,0.0,0.0,0.0,1.0,1.0,1326.6,66.0,205.6,85.68848001757445,38.95172935066081,81.2,13.5,13.095562696084915,55.19957261760527,1556.1155655165094,1.0,244.6,BenignTraffic
0.1709228038787841,20.5,2.38,70.2,6.029090036011228,6.029090036011228,0.0,0.0,0.0,0.0,0.0,0.0,0.0,0.0,0.0,0.16,0.0,0.0,0.07,0.0,0.0,0.0,0.0,0.0,0.0,0.0,0.0,0.0,0.0,0.0,1.0,1.0,1.0,8765.41,260.7,1453.83,817.7442815085242,551.109308235966,853.15,9.5,40.075808503233226,779.1284418640835,321979.58207735216,0.95,141.55,DDoS-ICMP_Fragmentation
0.0,54.0,6.0,64.0,0.0,0.0,0.0,0.0,0.0,0.0,0.0,0.0,0.0,0.0,0.0,0.0,0.0,0.0,0.0,0.0,0.0,0.0,0.0,0.0,0.0,0.0,1.0,0.0,0.0,0.0,0.0,1.0,1.0,567.0,54.0,54.0,54.0,0.0,54.0,9.5,10.392304845413264,0.0,0.0,0.0,141.55,DDoS-TCP_Flood
0.0,54.0,6.0,64.0,0.34861188304678,0.34861188304678,0.0,1.0,0.0,1.0,0.0,0.0,0.0,0.0,1.0,0.0,1.0,0.0,0.0,0.0,0.0,0.0,0.0,0.0,0.0,0.0,1.0,0.0,0.0,0.0,0.0,1.0,1.0,567.0,54.0,54.0,54.0,0.0,54.0,9.5,10.392304845413264,0.0,0.0,0.0,141.55,DDoS-RSTFINFlood
1.913236346244812,383834.15,16.46,67.64,139.48965511532504,139.48965511532504,0.0,0.0,0.0,0.0,0.0,0.0,0.0,0.0,0.0,0.0,0.0,0.13,0.21,0.0,0.0,0.0,0.0,0.0,0.0,0.0,0.0,0.0,0.0,0.0,0.0,1.0,1.0,8903.08,288.8,1456.4,819.5686292457975,539.6393296970095,884.3,9.5,40.26914647777271,762.9036014894946,306899.8422130362,0.95,141.55,DDoS-UDP_Fragmentation
36.52096066474915,2088.7,6.0,83.1,93.05491810861903,93.05491810861903,0.0,0.0,0.0,0.0,0.0,1.0,0.0,0.0,0.0,1.8,0.0,4.6,10.2,0.0,0.0,0.0,0.0,0.0,1.0,0.0,1.0,0.0,0.0,0.0,0.0,1.0,1.0,2579.5,54.0,911.6,160.34260003369525,232.5203939476948,276.5,13.5,17.79138081357628,329.7533040111031,63803.81946075366,1.0,244.6,DictionaryBruteForce
9.891723895072936,857962.0,6.0,64.0,86.8907216277614,86.8907216277614,0.0,0.0,0.0,0.0,0.0,1.0,0.0,0.0,0.0,2.0,0.0,33.1,858.5,0.0,1.0,0.0,0.0,0.0,0.0,0.0,1.0,0.0,0.0,0.0,0.0,1.0,1.0,10515.0,66.0,1803.6,643.7158890546159,644.232147763811,1634.2,13.5,35.41602524022784,913.426191396872,429715.25824844267,1.0,244.6,DictionaryBruteForce
0.003033127784729,5.18,45.71,63.0,1104.550462107099,1104.550462107099,0.0,0.0,0.0,0.0,0.0,0.0,0.0,0.0,0.0,0.07,0.0,0.0,0.03,0.0,0.0,0.0,0.0,0.0,0.0,0.0,0.0,0.0,0.0,0.0,0.0,1.0,1.0,5935.58,449.62,578.0,566.1159491888401,35.911926132996776,562.74,9.5,33.647343242574074,50.29285368532519,5292.923140197191,0.25,141.55,Mirai-greip_flood
274.46871652603147,8499.0,11.1,171.1,2.5885082556673416,2.5885082556673416,0.0,0.0,0.0,0.0,0.0,0.0,0.0,0.0,0.0,0.2,0.1,6.8,22.1,0.0,0.0,0.0,0.0,0.0,0.0,0.0,0.0,0.0,0.0,0.0,0.0,1.0,1.0,883.4,53.2,322.2,157.40896825396825,98.91185285594462,150.8,5.5,17.558633838749337,139.88248378832887,11119.089883534894,0.9,38.5,DictionaryBruteForce
0.0,54.0,6.0,64.0,1.123819659577524,1.123819659577524,0.0,0.0,0.0,0.0,1.0,1.0,0.0,0.0,0.0,0.0,0.0,1.0,1.0,0.0,0.0,0.0,0.0,0.0,0.0,0.0,1.0,0.0,0.0,0.0,0.0,1.0,1.0,567.0,54.0,54.0,54.0,0.0,54.0,9.5,10.392304845413264,0.0,0.0,0.0,141.55,DDoS-PSHACK_Flood
0.0,0.0,0.99,63.36,2.2053350246837207,2.2053350246837207,0.0,0.0,0.0,0.0,0.0,0.0,0.0,0.0,0.0,0.0,0.0,0.0,0.0,0.0,0.0,0.0,0.0,0.0,0.0,0.0,0.0,0.0,0.0,0.0,1.0,1.0,1.0,9738.72,366.92,1479.44,922.7309926079251,545.2269723131477,923.46,9.5,42.81808507338984,771.073633989956,313003.5889633017,0.95,141.55,DDoS-ICMP_Fragmentation
0.8711074113845825,64710.4,6.0,114.4,72.86260489819868,72.86260489819868,0.0,0.0,0.0,0.0,0.0,1.0,0.0,0.0,0.0,2.0,0.0,12.0,62.5,0.0,1.0,0.0,0.0,0.0,0.0,0.0,1.0,0.0,0.0,0.0,0.0,1.0,1.0,4417.4,66.0,1079.6,603.6561904761904,482.4109476922714,1079.6,5.5,31.761935046202648,682.2321048636679,333165.2552834467,0.7,38.5,BenignTraffic
1.1196151566505432,75.6,6.0,64.0,2.6819154295940995,2.6819154295940995,0.0,0.0,1.0,0.0,0.0,0.0,0.0,0.0,0.0,1.4,0.0,0.0,0.0,0.0,0.0,0.0,0.0,0.0,0.0,0.0,1.0,0.0,0.0,0.0,0.0,1.0,1.0,567.0,54.0,54.0,54.0,0.0,54.0,9.5,10.392304845413264,0.0,0.0,0.0,141.55,DDoS-SynonymousIP_Flood
0.5896572828292846,112.0,6.0,64.0,3.3918009670010547,3.3918009670010547,0.0,0.0,0.0,1.0,0.0,1.0,0.0,0.0,0.0,1.0,1.0,0.0,1.0,0.0,0.0,0.0,0.0,0.0,0.0,0.0,1.0,0.0,0.0,0.0,0.0,1.0,1.0,837.0,54.0,54.0,54.0,0.0,54.0,13.5,10.392304845413264,0.0,0.0,0.0,244.6,Recon-OSScan
15.451974251270292,243202.44,7.81,86.12,41967.81204526448,41967.81204526448,0.0,0.0,0.0,0.0,0.0,1.0,0.0,0.0,0.17,0.46,0.01,170.13,354.58,0.0,0.0,0.0,0.0,0.0,0.0,0.0,1.0,0.0,0.0,0.0,0.0,1.0,1.0,4192.25,73.31,1270.17,403.0296537255744,422.4917871284297,357.1,9.5,26.47681626105074,597.462174083029,233795.71191937733,0.95,141.55,VulnerabilityScan
13.753041982650757,31692.8,11.5,63.2,93218.38717543108,93218.38717543108,0.0,0.0,0.0,0.0,0.0,0.0,0.0,0.0,0.0,0.1,0.0,84.2,177.8,0.0,0.0,0.0,0.0,0.0,0.0,0.0,0.0,0.0,0.0,0.0,0.0,1.0,1.0,12808.6,66.0,5858.0,852.977877493164,1527.1846546304391,96.4,13.5,41.24108053099186,2163.810132561477,2352284.288293928,1.0,244.6,BenignTraffic
0.049961519241333,112.0,6.0,64.0,40.03120843343508,40.03120843343508,0.0,0.0,0.0,1.0,0.0,1.0,0.0,0.0,0.0,1.0,1.0,0.0,1.0,0.0,0.0,0.0,0.0,0.0,0.0,0.0,1.0,0.0,0.0,0.0,0.0,1.0,1.0,297.0,54.0,54.0,54.0,0.0,54.0,5.5,10.392304845413264,0.0,0.0,0.0,38.5,Recon-PortScan
0.0098691940307617,74.2,6.0,112.2,64.97709300311315,64.97709300311315,0.0,0.0,1.0,0.0,0.0,0.0,0.0,0.0,0.0,1.0,0.3,0.0,0.3,0.0,0.0,0.0,0.0,0.0,0.0,0.0,1.0,0.0,0.0,0.0,0.0,1.0,1.0,873.0,54.0,58.0,56.29284133651007,1.970113105060681,56.8,13.5,10.609933896490418,2.789219213885687,3.890524812012348,1.0,244.6,Recon-OSScan
0.0,2.3,46.23,65.27,0.0,0.0,0.0,0.0,0.0,0.0,0.0,0.0,0.0,0.0,0.0,0.0,0.0,0.0,0.0,0.0,0.0,0.0,0.0,0.0,0.0,0.0,0.0,0.0,0.0,0.0,0.0,1.0,1.0,6160.44,536.44,592.0,588.7228083642364,13.059968161903708,583.06,9.5,34.31228956515763,18.537248934134755,1363.5430882696826,0.13,141.55,Mirai-greeth_flood
28.085022711753844,528811.8,6.0,164.4,142.5801189861062,142.5801189861062,0.0,0.0,0.0,0.0,0.0,1.0,0.0,0.0,0.0,1.4,0.0,185.2,752.8,0.0,1.0,0.0,0.0,0.0,0.0,0.0,1.0,0.0,0.0,0.0,0.0,1.0,1.0,1095.6,84.0,654.6,226.4469841269841,210.60607065033497,148.4,5.5,20.95250787777266,297.8419614318099,50186.77684555303,0.9,38.5,BenignTraffic
35.63366284370422,20187.5,6.0,121.4,17.83515380231257,17.83515380231257,0.0,0.0,0.0,0.0,0.0,1.0,0.0,0.0,0.0,3.0,0.3,41.9,92.2,0.0,1.0,0.0,0.0,0.0,0.0,0.0,1.0,0.0,0.0,0.0,0.0,1.0,1.0,5826.4,58.8,2140.0,713.8208730158731,842.5262187696856,1966.6,5.5,32.034596442957785,1191.5120052390107,1412763.47273841,0.9,38.5,DictionaryBruteForce
1.4626233196258545,464.69,5.94,63.36,4.208344231664657,4.208344231664657,0.0,0.0,0.0,0.0,0.0,1.0,0.0,0.0,0.29,1.1,0.59,0.53,3.91,1.0,0.0,0.0,0.0,0.0,0.0,0.0,1.0,0.0,0.0,0.0,0.0,1.0,1.0,1402.79,68.79,354.85,147.3821760930418,107.46315539258303,121.88,9.5,16.758163723574874,152.07635380861657,13273.117294669722,0.94,141.55,DDoS-HTTP_Flood
0.377844123840332,222.46,6.0,64.0,4.358845504900779,4.358845504900779,0.0,0.0,1.0,0.0,0.0,0.0,0.0,0.0,0.0,1.64,0.21,0.0,0.64,0.0,0.0,0.0,0.0,0.0,0.0,0.0,1.0,0.0,0.0,0.0,0.0,1.0,1.0,1046.36,60.76,150.64,100.05752361209484,36.40036675831701,98.92,9.5,13.901067925223236,51.33762348790892,1845.9587384098656,0.76,141.55,DDoS-SYN_Flood
0.0,53.46,5.94,63.36,5.37334481203624,5.37334481203624,0.0,1.0,0.0,1.0,0.0,0.0,0.0,0.0,0.99,0.0,0.99,0.0,0.0,0.0,0.0,0.0,0.0,0.0,0.0,0.0,1.0,0.0,0.0,0.0,0.0,1.0,1.0,568.02,54.0,55.02,54.10586437942861,0.2991349781184067,54.06,9.5,10.402469445310864,0.4234948694473756,0.5514176472671923,0.17,141.55,DDoS-RSTFINFlood
0.006263370513916,6.96,46.7,64.64,5.8127610822761975,5.8127610822761975,0.0,0.0,0.0,0.0,0.0,0.0,0.0,0.0,0.0,0.0,0.0,0.0,0.0,0.0,0.0,0.0,0.0,0.0,0.0,0.0,0.0,0.0,0.0,0.0,0.0,1.0,1.0,6184.28,560.28,592.0,589.5480866651409,8.369115001101953,589.56,9.5,34.33722689831557,11.85418374704576,549.4445379463028,0.13,141.55,Mirai-greeth_flood
6.717591047286987,8310448.2,6.0,53.0,561.2876247058821,561.2876247058821,0.0,0.0,0.0,0.0,0.0,1.0,0.0,0.0,0.0,0.0,0.0,16.0,3770.5,1.0,0.0,0.0,0.0,0.0,0.0,0.0,1.0,0.0,0.0,0.0,0.0,1.0,1.0,16870.2,1658.8,3975.6,2963.78126984127,790.2397388666294,3106.8,5.5,76.86905290824187,1117.56775623136,709308.7494230286,0.9,38.5,BenignTraffic
0.5844546532630921,170907.27,16.89,64.59,208.9980417904293,208.9980417904293,0.0,0.0,0.0,0.0,0.0,0.0,0.0,0.0,0.0,0.0,0.0,0.05,0.05,0.0,0.0,0.0,0.0,0.0,0.0,0.0,0.0,0.0,0.0,0.0,0.0,1.0,1.0,9435.39,328.55,1456.4,865.4002574864505,546.227989243936,924.25,9.5,41.4255484231619,772.4832442467618,314162.4326938934,0.95,141.55,DDoS-UDP_Fragmentation
0.084197564125061,43363.16,16.89,65.91,11484.20296801608,11484.20296801608,0.0,0.0,0.0,0.0,0.0,0.0,0.0,0.0,0.0,0.02,0.0,0.0,0.01,0.0,0.0,0.0,0.0,0.0,0.0,0.0,0.0,1.0,0.0,0.0,0.0,1.0,1.0,525.88,50.0,50.88,50.06150171225403,0.2227981255980494,50.08,9.5,10.006153201510276,0.3156896327749267,0.4574319272152452,0.11,141.55,DDoS-UDP_Flood
0.0,0.0,47.0,64.0,2.186698392523014,2.186698392523014,0.0,0.0,0.0,0.0,0.0,0.0,0.0,0.0,0.0,0.0,0.0,0.0,0.0,0.0,0.0,0.0,0.0,0.0,0.0,0.0,0.0,0.0,0.0,0.0,0.0,1.0,1.0,6216.0,592.0,592.0,592.0,0.0,592.0,9.5,34.409301068170514,0.0,0.0,0.0,141.55,Mirai-greeth_flood
0.0,0.0,47.0,64.0,116.14709791758972,116.14709791758972,0.0,0.0,0.0,0.0,0.0,0.0,0.0,0.0,0.0,0.0,0.0,0.0,0.0,0.0,0.0,0.0,0.0,0.0,0.0,0.0,0.0,0.0,0.0,0.0,0.0,1.0,1.0,6216.0,592.0,592.0,592.0,0.0,592.0,9.5,34.409301068170514,0.0,0.0,0.0,141.55,Mirai-greeth_flood
3.0756276845932007,2236.1,6.0,81.1,126.87347704670177,126.87347704670177,0.0,0.0,0.0,0.0,0.0,1.0,0.0,0.0,0.0,1.8,0.0,4.2,9.9,0.0,0.0,0.0,0.0,0.0,1.0,0.0,1.0,0.0,0.0,0.0,0.0,1.0,1.0,3496.5,66.0,1114.0,223.9332678501409,346.5665605153182,285.7,13.5,21.17187138018754,491.15465688671264,121499.54215142544,1.0,244.6,DictionaryBruteForce
44.344530296325686,1929524.9,7.1,164.4,41.10639725170941,41.10639725170941,0.0,0.0,0.0,0.0,0.0,1.0,0.0,0.0,0.0,0.0,0.0,156.6,1970.7,0.0,1.0,0.0,0.0,0.0,0.0,0.0,1.0,0.0,0.0,0.0,0.0,1.0,1.0,412.1,66.0,93.0,71.33500000000001,10.323248968902249,88.1,5.5,11.924259179962856,14.59927869957563,358.56275,0.3,38.5,BenignTraffic
48.16398942470551,3597896.9,6.0,214.3,68.44569460176312,68.44569460176312,0.0,0.0,0.0,0.0,0.0,1.0,0.0,0.0,0.0,0.0,0.0,118.2,3390.9,0.0,1.0,0.0,0.0,0.0,0.0,0.0,1.0,0.0,0.0,0.0,0.0,1.0,1.0,13214.0,66.0,2962.0,881.2992176111642,906.924025692146,66.0,13.5,41.90552774274122,1284.1464454146164,824782.4343900736,1.0,244.6,BenignTraffic
26.66094732284546,1696689.2,6.0,181.6,62.244589578990485,62.244589578990485,0.0,0.0,0.0,0.0,0.0,1.0,0.0,0.0,0.0,2.0,0.0,65.0,1658.5,0.0,1.0,0.0,0.0,0.0,0.0,0.0,1.0,0.0,0.0,0.0,0.0,1.0,1.0,2390.2,66.0,1369.2,424.5523809523809,563.2281425740256,500.4,5.5,28.246209527895807,796.5248779383941,356603.7078639455,0.9,38.5,BenignTraffic
104.74349191188811,219590.2,11.5,88.7,54.67224810534758,54.67224810534758,0.0,0.0,0.0,0.0,0.0,0.0,0.0,0.0,0.0,0.4,0.0,380.0,867.6,0.0,0.0,0.0,0.0,0.0,0.0,0.0,0.0,0.0,0.0,0.0,0.0,1.0,1.0,2404.6,54.0,567.0,146.83356352926398,141.07875257909114,481.0,13.5,16.59826723661954,185.34254668852685,26419.330217795294,1.0,244.6,BenignTraffic
32.725099539756776,2830749.6,6.0,64.0,76.1953323963372,76.1953323963372,0.0,0.0,0.0,0.0,0.0,1.0,0.0,0.0,0.0,2.0,0.0,96.0,2492.5,0.0,1.0,0.0,0.0,0.0,0.0,0.0,1.0,0.0,0.0,0.0,0.0,1.0,1.0,8616.6,1514.0,1803.6,1544.5688888888888,88.94624974036093,1658.8,5.5,55.56940036191909,125.7889927050428,39578.52365432099,0.2,38.5,BenignTraffic
0.0,0.0,47.0,64.0,17.589564635543667,17.589564635543667,0.0,0.0,0.0,0.0,0.0,0.0,0.0,0.0,0.0,0.0,0.0,0.0,0.0,0.0,0.0,0.0,0.0,0.0,0.0,0.0,0.0,0.0,0.0,0.0,0.0,1.0,1.0,6069.0,578.0,578.0,578.0,0.0,578.0,9.5,34.0,0.0,0.0,0.0,141.55,Mirai-greip_flood
4.373941776752472,111.08,6.0,63.57,1.1490857750311376,1.1490857750311376,0.0,0.0,0.0,0.0,0.0,0.0,0.0,0.0,0.01,0.03,0.0,0.02,0.09,0.0,0.0,0.0,0.0,0.0,0.0,0.0,1.0,0.0,0.0,0.0,0.0,1.0,1.0,570.87,54.0,55.83,54.24938988518361,0.5522458886504823,54.43,9.5,10.416124323535676,0.7825963479623581,3.118043335214236,0.1,141.55,DoS-TCP_Flood
50.04039611816406,1000169.7,7.1,166.7,83.23637339850134,83.23637339850134,0.0,0.0,0.0,0.0,0.0,1.0,0.0,0.0,0.0,1.4,0.0,281.2,1329.8,0.0,1.0,0.0,0.0,0.0,0.0,0.0,1.0,0.0,0.0,0.0,0.0,1.0,1.0,23109.8,60.0,6343.0,1531.5437311514593,2145.099776778915,670.6,13.5,55.307270655815934,3038.4681251067013,4625061.089782466,1.0,244.6,BenignTraffic
0.0067352700233459,55.21,6.0,65.7,29.722790273719333,29.722790273719333,0.0,0.0,1.0,0.0,0.0,0.0,0.0,0.0,0.0,0.99,0.0,0.01,0.02,0.0,0.0,0.0,0.0,0.0,0.0,0.0,1.0,0.0,0.0,0.0,0.0,1.0,1.0,567.96,54.0,54.96,54.05208255933952,0.217343368017349,54.24,9.5,10.3973466253794,0.3091864443905646,1.1955193879192003,0.04,141.55,DDoS-SYN_Flood
344.08935286998747,6824.3,12.6,146.9,0.5279261821717136,0.5279261821717136,0.0,0.0,0.0,0.0,0.0,0.0,0.0,0.0,0.0,0.0,0.0,23.1,43.9,0.0,0.0,0.0,0.0,0.0,0.0,0.0,0.0,1.0,0.0,0.0,0.0,1.0,1.0,993.7,54.0,359.6,172.58904761904762,111.42448707253683,175.5,5.5,18.34046112285032,157.5780207984472,13997.686340136055,0.9,38.5,Uploading_Attack
1.9952040672302247,346260.4,6.0,80.8,146.5993379967592,146.5993379967592,0.0,0.0,0.0,0.0,0.0,1.0,0.0,0.0,0.0,2.0,0.0,13.9,291.5,0.0,1.0,0.0,0.0,0.0,0.0,0.0,1.0,0.0,0.0,0.0,0.0,1.0,1.0,7313.4,500.4,1514.0,1355.3520634920635,362.0878065266189,1369.2,5.5,52.01329416895076,512.0694867598697,190166.50307382207,0.7,38.5,BenignTraffic
2.245692174434662,4728.21,6.26,63.22,3.396147478720926,3.396147478720926,0.0,0.0,0.0,0.0,0.0,1.0,0.0,0.0,0.0,1.77,0.1,2.22,5.23,1.0,0.0,0.0,0.0,0.0,0.0,0.0,1.0,0.0,0.0,0.0,0.0,1.0,1.0,6722.45,115.37,1586.5,639.5833474839575,564.1550315357634,645.14,9.5,34.25904487606807,798.068807562203,384447.2586923608,0.93,141.55,DDoS-HTTP_Flood
19.78736336231232,686775.8,10.4,113.3,30.64859517363277,30.64859517363277,0.0,0.0,0.0,0.0,0.0,1.0,0.0,0.0,0.0,0.0,0.0,27.9,673.7,0.0,0.0,0.0,0.0,0.0,0.0,0.0,1.0,0.0,0.0,0.0,0.0,1.0,1.0,3239.5,343.6,1619.3,794.5841666666666,552.9311584301553,370.5,5.5,38.56659641159716,781.9627433105921,376532.9185843254,0.9,38.5,BenignTraffic
0.0,54.0,6.0,64.0,16.107993309945016,16.107993309945016,0.0,1.0,0.0,1.0,0.0,0.0,0.0,0.0,1.0,0.0,1.0,0.0,0.0,0.0,0.0,0.0,0.0,0.0,0.0,0.0,1.0,0.0,0.0,0.0,0.0,1.0,1.0,567.0,54.0,54.0,54.0,0.0,54.0,9.5,10.392304845413264,0.0,0.0,0.0,141.55,DDoS-RSTFINFlood
8.446170759201049,640320.9,5.5,125.7,74.79404342674619,74.79404342674619,0.0,0.0,0.0,0.0,0.0,1.0,0.0,0.0,0.0,1.6,0.0,44.5,594.4,0.0,1.0,0.0,0.0,0.0,0.0,0.0,1.0,0.0,0.0,0.0,0.0,1.0,1.0,16677.5,50.0,5244.0,1102.9028096503605,1374.8265240657256,816.9,13.5,46.96340921302529,1946.9532296709829,1901848.335582335,1.0,244.6,BenignTraffic
564.1567620515823,3619.6,7.1,156.3,37.5014861204497,37.5014861204497,0.0,0.0,0.0,0.0,0.0,1.0,0.0,0.0,0.1,1.4,0.0,6.5,13.2,0.0,0.0,0.0,0.0,0.0,0.0,0.0,1.0,0.0,0.0,0.0,0.0,1.0,1.0,1926.0,60.0,425.7,123.83731262502548,106.02481761043016,140.9,13.5,15.75008924556173,150.17932717044755,11387.346762849049,1.0,244.6,SqlInjection
1.65235116481781,372729.6,6.0,64.0,174.59889155700677,174.59889155700677,0.0,0.0,0.0,0.0,0.0,1.0,0.0,0.0,0.0,2.0,0.0,13.2,287.5,0.0,1.0,0.0,0.0,0.0,0.0,0.0,1.0,0.0,0.0,0.0,0.0,1.0,1.0,9929.6,1379.0,2962.0,1957.249047619048,586.5743070081417,1663.7,5.5,62.320226131052685,829.5413403105136,390818.00486394553,0.9,38.5,BenignTraffic
55.838716101646426,260834.8,12.6,63.6,69930.15357731111,69930.15357731111,0.0,0.0,0.0,0.0,0.0,0.0,0.0,0.0,0.0,0.4,0.0,196.9,581.2,0.0,0.0,0.0,0.0,0.0,0.0,0.0,0.0,1.0,0.0,0.0,0.0,1.0,1.0,2403.4,50.0,572.0,146.4028792823104,153.7059758175464,452.4,13.5,16.56734842336866,203.29541577695545,29584.517873067176,1.0,244.6,BenignTraffic
14.122669100761414,1156221.6,6.0,81.0,63.89224683893957,63.89224683893957,0.0,0.0,0.0,0.0,0.0,1.0,0.0,0.0,0.0,0.0,0.0,47.9,893.8,0.0,1.0,0.0,0.0,0.0,0.0,0.0,1.0,0.0,0.0,0.0,0.0,1.0,1.0,11115.0,369.4,3830.8,1987.898015873016,1211.19147972545,1953.0,5.5,62.89900301635373,1712.883417258469,1688852.9661246534,0.9,38.5,MITM-ArpSpoofing
0.0,58.0,6.0,47.5,1174.5460655278634,1174.5460655278634,0.0,0.0,1.0,0.0,0.0,0.0,0.0,0.0,0.0,1.0,0.0,0.0,0.0,0.0,0.0,0.0,0.0,0.0,0.0,0.0,1.0,0.0,0.0,0.0,0.0,1.0,1.0,319.0,58.0,58.0,58.0,0.0,58.0,5.5,10.770329614269006,0.0,0.0,0.0,38.5,Recon-PortScan
66.33589706420898,299364.8,7.8,93.7,31.953347395529885,31.953347395529885,0.0,0.0,0.0,0.0,0.0,1.0,0.0,0.0,0.2,0.6,0.0,395.4,964.8,0.0,1.0,0.0,0.0,0.0,0.0,0.0,1.0,0.0,0.0,0.0,0.0,1.0,1.0,959.0,56.7,410.9,137.73047619047617,126.8433836455696,381.2,5.5,15.882993971468917,179.38363344885815,53159.53752154195,0.9,38.5,BenignTraffic
0.6167443037033081,228197.0,6.0,97.6,341.29461473780594,341.29461473780594,0.0,0.0,0.0,0.0,0.0,1.0,0.0,0.0,0.0,0.0,0.0,0.0,210.5,0.0,1.0,0.0,0.0,0.0,0.0,0.0,1.0,0.0,0.0,0.0,0.0,1.0,1.0,9051.0,1224.4,2672.4,1675.8657142857144,487.6374924146484,1369.2,5.5,57.80586008126873,689.623555294403,304579.2398639456,0.8,38.5,BenignTraffic
36.10133280754089,607183.7,9.3,64.0,70.32015177498923,70.32015177498923,0.0,0.0,0.0,0.0,0.0,1.0,0.0,0.0,0.0,1.4,0.0,23.8,550.9,0.0,1.0,0.0,0.0,0.0,0.0,0.0,1.0,0.0,0.0,0.0,0.0,1.0,1.0,7039.4,635.6,1514.0,1347.763492063492,335.6853570037466,1094.8,5.5,51.83864765482368,474.7307845647528,189430.5101002772,0.6,38.5,BenignTraffic
56.137742042541504,56972.0,8.2,109.8,11.114493668326473,11.114493668326473,0.0,0.0,0.0,0.0,0.0,1.0,0.0,0.0,0.0,1.0,0.0,199.0,407.2,0.0,1.0,0.0,0.0,0.0,0.0,0.0,1.0,0.0,0.0,0.0,0.0,1.0,1.0,2067.3,54.0,279.0,133.0185546050097,68.09239379483063,133.6,13.5,16.32527267004253,96.37026154417144,4646.634076761224,1.0,244.6,BenignTraffic
110.02828290462494,15296.2,6.0,101.2,1.4484834860881812,1.4484834860881812,0.0,0.0,0.0,0.0,1.0,1.0,0.0,0.0,0.0,1.0,0.0,64.4,130.7,0.0,0.0,0.0,0.0,0.0,0.0,0.0,1.0,0.0,0.0,0.0,0.0,1.0,1.0,579.6,60.4,163.6,104.72424603174603,41.291278022742944,113.9,5.5,14.456632226974932,58.39468538748118,1916.9503871724608,0.9,38.5,DictionaryBruteForce
