store_id,year,month,store_size_sqft,location_type,num_staff,promo_spend_k,competitor_distance_km,monthly_sales_lakh
S01,2023,1,10690.0,Rural,18,255.8,10.69,22.23
S01,2023,2,10690.0,Rural,18,55.9,10.69,17.48
S01,2023,3,10690.0,Rural,18,166.8,,25.37
S01,2023,4,10690.0,Rural,18,147.0,10.69,23.9
S01,2023,5,10690.0,Rural,18,131.0,10.69,21.95
S01,2023,6,10690.0,Rural,18,274.3,10.69,22.66
S01,2023,7,10690.0,Rural,18,379.5,10.69,23.78
S01,2023,8,10690.0,Rural,18,192.4,10.69,24.91
S01,2023,9,10690.0,Rural,18,214.2,10.69,26.69
S01,2023,10,10690.0,Rural,18,339.3,10.69,29.84
S01,2023,11,10690.0,Rural,18,277.0,10.69,29.22
S01,2023,12,10690.0,Rural,18,149.8,10.69,27.01
S01,2024,1,10690.0,Rural,18,81.0,10.69,20.69
S01,2024,2,10690.0,Rural,18,344.3,10.69,22.75
S01,2024,3,10690.0,Rural,18,245.8,10.69,24.75
S01,2024,4,10690.0,Rural,18,290.3,10.69,24.96
S01,2024,5,10690.0,Rural,18,374.4,10.69,23.6
S01,2024,6,10690.0,Rural,18,383.6,10.69,22.74
S01,2024,7,10690.0,Rural,18,237.5,10.69,23.31
S01,2024,8,10690.0,Rural,18,318.0,10.69,22.56
S01,2024,9,10690.0,Rural,18,101.4,10.69,20.95
S01,2024,10,10690.0,Rural,18,49.4,10.69,24.75
S01,2024,11,10690.0,Rural,18,293.8,10.69,30.26
S01,2024,12,10690.0,Rural,18,242.3,10.69,26.98
S01,2025,1,10690.0,Rural,18,305.6,10.69,22.61
S01,2025,2,10690.0,Rural,18,196.9,10.69,19.2
S01,2025,3,10690.0,Rural,18,372.5,10.69,25.03
S01,2025,4,10690.0,Rural,18,46.8,10.69,22.32
S01,2025,5,10690.0,Rural,18,,10.69,24.49
S01,2025,6,10690.0,Rural,18,309.7,10.69,24.41
S01,2025,7,10690.0,Rural,18,133.5,10.69,21.7
S01,2025,8,10690.0,Rural,18,305.0,10.69,24.36
S01,2025,9,10690.0,Rural,18,145.7,10.69,23.18
S01,2025,10,10690.0,Rural,18,82.0,10.69,25.95
S01,2025,11,10690.0,Rural,18,486.8,10.69,27.8
S01,2025,12,10690.0,Rural,18,199.3,10.69,28.45
S02,2023,1,8120.0,Semi-Urban,13,221.2,4.08,17.32
S02,2023,2,8120.0,Semi-Urban,13,,4.08,20.0
S02,2023,3,8120.0,Semi-Urban,13,150.5,4.08,20.65
S02,2023,4,8120.0,Semi-Urban,13,287.1,4.08,21.18
S02,2023,5,8120.0,Semi-Urban,13,47.4,4.08,19.03
S02,2023,6,8120.0,Semi-Urban,13,254.8,4.08,17.07
S02,2023,7,8120.0,Semi-Urban,13,235.3,4.08,18.38
S02,2023,8,8120.0,Semi-Urban,13,4.9,4.08,16.73
S02,2023,9,8120.0,Semi-Urban,13,330.2,4.08,19.35
S02,2023,10,8120.0,Semi-Urban,13,238.4,,22.38
S02,2023,11,8120.0,Semi-Urban,13,157.0,4.08,24.16
S02,2023,12,8120.0,Semi-Urban,13,406.3,4.08,20.98
S02,2024,1,8120.0,Semi-Urban,13,398.8,4.08,18.88
S02,2024,2,8120.0,Semi-Urban,13,113.6,4.08,17.94
S02,2024,3,8120.0,Semi-Urban,13,42.6,4.08,17.03
S02,2024,4,8120.0,Semi-Urban,13,36.2,4.08,16.92
S02,2024,5,8120.0,Semi-Urban,13,11.6,4.08,14.82
S02,2024,6,8120.0,Semi-Urban,13,57.2,4.08,17.0
S02,2024,7,8120.0,Semi-Urban,13,79.3,4.08,16.59
S02,2024,8,8120.0,Semi-Urban,13,262.5,4.08,19.73
S02,2024,9,8120.0,Semi-Urban,13,2.2,4.08,16.64
S02,2024,10,8120.0,Semi-Urban,13,315.1,4.08,22.05
S02,2024,11,8120.0,Semi-Urban,13,,,19.67
S02,2024,12,8120.0,Semi-Urban,13,29.8,4.08,19.28
S02,2025,1,8120.0,Semi-Urban,13,371.1,4.08,19.0
S02,2025,2,8120.0,Semi-Urban,13,279.2,4.08,20.43
S02,2025,3,8120.0,Semi-Urban,13,16.1,4.08,15.23
S02,2025,4,8120.0,Semi-Urban,13,50.0,4.08,17.02
S02,2025,5,8120.0,Semi-Urban,13,298.1,4.08,19.91
S02,2025,6,8120.0,Semi-Urban,13,340.5,,19.02
S02,2025,7,8120.0,Semi-Urban,13,293.8,,18.15
S02,2025,8,8120.0,Semi-Urban,13,108.3,4.08,19.37
S02,2025,9,8120.0,Semi-Urban,13,392.1,4.08,19.31
S02,2025,10,8120.0,Semi-Urban,13,28.3,4.08,18.17
S02,2025,11,8120.0,Semi-Urban,13,22.0,4.08,19.6
S02,2025,12,8120.0,Semi-Urban,13,369.0,4.08,24.12
S03,2023,1,9350.0,Rural,13,36.7,9.83,16.18
S03,2023,2,9350.0,Rural,13,392.0,9.83,20.16
S03,2023,3,9350.0,Rural,13,313.6,9.83,21.86
S03,2023,4,9350.0,Rural,13,229.0,9.83,22.14
S03,2023,5,9350.0,Rural,13,378.4,9.83,21.4
S03,2023,6,9350.0,Rural,13,231.2,9.83,22.38
S03,2023,7,9350.0,Rural,13,259.7,9.83,22.16
S03,2023,8,9350.0,Rural,13,59.4,,18.77
S03,2023,9,9350.0,Rural,13,161.6,9.83,24.17
S03,2023,10,9350.0,Rural,13,62.0,9.83,22.52
S03,2023,11,9350.0,Rural,13,144.6,9.83,26.97
S03,2023,12,9350.0,Rural,13,222.5,9.83,24.7
S03,2024,1,9350.0,Rural,13,253.9,9.83,20.47
S03,2024,2,9350.0,Rural,13,163.5,9.83,17.88
S03,2024,3,9350.0,Rural,13,235.3,9.83,20.26
S03,2024,4,9350.0,Rural,13,14.4,9.83,16.97
S03,2024,5,9350.0,Rural,13,189.7,9.83,22.29
S03,2024,6,9350.0,Rural,13,229.0,9.83,21.46
S03,2024,7,9350.0,Rural,13,280.8,9.83,20.52
S03,2024,8,9350.0,Rural,13,261.0,9.83,22.69
S03,2024,9,9350.0,Rural,13,315.0,9.83,24.24
S03,2024,10,9350.0,Rural,13,224.3,,25.54
S03,2024,11,9350.0,Rural,13,187.5,9.83,26.34
S03,2024,12,9350.0,Rural,13,383.1,,25.12
S03,2025,1,9350.0,Rural,13,368.4,,20.42
S03,2025,2,9350.0,Rural,13,208.1,9.83,19.27
S03,2025,3,9350.0,Rural,13,125.8,9.83,19.42
S03,2025,4,9350.0,Rural,13,197.7,9.83,22.19
S03,2025,5,9350.0,Rural,13,28.8,9.83,18.65
S03,2025,6,9350.0,Rural,13,22.2,9.83,16.79
S03,2025,7,9350.0,Rural,13,133.7,9.83,19.21
S03,2025,8,9350.0,Rural,13,125.6,9.83,18.21
S03,2025,9,9350.0,Rural,13,5.9,9.83,15.31
S03,2025,10,9350.0,Rural,13,445.4,9.83,28.6
S03,2025,11,9350.0,Rural,13,79.9,9.83,22.76
S03,2025,12,9350.0,Rural,13,62.2,9.83,17.5
S04,2023,1,11940.0,Semi-Urban,17,383.4,9.02,28.84
S04,2023,2,11940.0,Semi-Urban,17,308.8,9.02,24.68
S04,2023,3,11940.0,Semi-Urban,17,275.1,9.02,24.5
S04,2023,4,11940.0,Semi-Urban,17,155.1,9.02,26.2
S04,2023,5,11940.0,Semi-Urban,17,4.3,,22.71
S04,2023,6,11940.0,Semi-Urban,17,210.0,9.02,26.85
S04,2023,7,11940.0,Semi-Urban,17,66.4,9.02,24.36
S04,2023,8,11940.0,Semi-Urban,17,395.7,9.02,25.8
S04,2023,9,11940.0,Semi-Urban,17,335.6,9.02,30.32
S04,2023,10,11940.0,Semi-Urban,17,73.6,9.02,31.38
S04,2023,11,11940.0,Semi-Urban,17,204.1,9.02,35.24
S04,2023,12,11940.0,Semi-Urban,17,392.8,9.02,31.15
S04,2024,1,11940.0,Semi-Urban,17,187.7,9.02,23.77
S04,2024,2,11940.0,Semi-Urban,17,72.4,9.02,22.4
S04,2024,3,11940.0,Semi-Urban,17,17.9,9.02,20.57
S04,2024,4,11940.0,Semi-Urban,17,116.8,,24.63
S04,2024,5,11940.0,Semi-Urban,17,234.6,9.02,22.49
S04,2024,6,11940.0,Semi-Urban,17,33.6,9.02,20.32
S04,2024,7,11940.0,Semi-Urban,17,337.4,9.02,26.28
S04,2024,8,11940.0,Semi-Urban,17,259.7,9.02,26.54
S04,2024,9,11940.0,Semi-Urban,17,305.2,9.02,28.31
S04,2024,10,11940.0,Semi-Urban,17,190.6,9.02,32.52
S04,2024,11,11940.0,Semi-Urban,17,176.0,9.02,32.82
S04,2024,12,11940.0,Semi-Urban,17,250.9,9.02,30.66
S04,2025,1,11940.0,Semi-Urban,17,340.8,9.02,24.96
S04,2025,2,11940.0,Semi-Urban,17,363.8,9.02,24.53
S04,2025,3,11940.0,Semi-Urban,17,340.1,9.02,25.23
S04,2025,4,11940.0,Semi-Urban,17,199.5,9.02,25.71
S04,2025,5,11940.0,Semi-Urban,17,,,23.03
S04,2025,6,11940.0,Semi-Urban,17,366.9,9.02,26.6
S04,2025,7,11940.0,Semi-Urban,17,71.0,9.02,24.49
S04,2025,8,11940.0,Semi-Urban,17,76.6,9.02,24.37
S04,2025,9,11940.0,Semi-Urban,17,371.0,9.02,29.09
S04,2025,10,11940.0,Semi-Urban,17,159.9,9.02,28.12
S04,2025,11,11940.0,Semi-Urban,17,3.8,9.02,27.38
S04,2025,12,11940.0,Semi-Urban,17,365.6,9.02,30.96
S05,2023,1,10250.0,Urban,16,392.7,4.24,27.95
S05,2023,2,10250.0,Urban,16,191.0,4.24,25.14
S05,2023,3,10250.0,Urban,16,361.3,4.24,24.0
S05,2023,4,10250.0,Urban,16,385.3,4.24,27.62
S05,2023,5,10250.0,Urban,16,,4.24,28.64
S05,2023,6,10250.0,Urban,16,,4.24,25.1
S05,2023,7,10250.0,Urban,16,,4.24,26.42
S05,2023,8,10250.0,Urban,16,387.9,4.24,26.05
S05,2023,9,10250.0,Urban,16,115.3,4.24,29.83
S05,2023,10,10250.0,Urban,16,390.0,4.24,32.34
S05,2023,11,10250.0,Urban,16,64.4,4.24,28.08
S05,2023,12,10250.0,Urban,16,404.2,4.24,30.54
S05,2024,1,10250.0,Urban,16,394.2,4.24,26.25
S05,2024,2,10250.0,Urban,16,391.2,,27.25
S05,2024,3,10250.0,Urban,16,317.5,,30.07
S05,2024,4,10250.0,Urban,16,222.2,4.24,26.38
S05,2024,5,10250.0,Urban,16,369.9,4.24,28.78
S05,2024,6,10250.0,Urban,16,14.8,4.24,20.21
S05,2024,7,10250.0,Urban,16,19.5,4.24,20.83
S05,2024,8,10250.0,Urban,16,270.1,4.24,25.36
S05,2024,9,10250.0,Urban,16,309.5,4.24,27.35
S05,2024,10,10250.0,Urban,16,384.5,4.24,34.59
S05,2024,11,10250.0,Urban,16,25.5,4.24,27.76
S05,2024,12,10250.0,Urban,16,323.4,4.24,30.48
S05,2025,1,10250.0,Urban,16,,4.24,21.12
S05,2025,2,10250.0,Urban,16,,4.24,26.81
S05,2025,3,10250.0,Urban,16,160.5,4.24,26.15
S05,2025,4,10250.0,Urban,16,268.6,4.24,25.99
S05,2025,5,10250.0,Urban,16,341.1,4.24,30.1
S05,2025,6,10250.0,Urban,16,,4.24,26.51
S05,2025,7,10250.0,Urban,16,236.1,4.24,25.67
S05,2025,8,10250.0,Urban,16,109.9,4.24,25.71
S05,2025,9,10250.0,Urban,16,75.0,4.24,26.88
S05,2025,10,10250.0,Urban,16,177.8,4.24,29.02
S05,2025,11,10250.0,Urban,16,,4.24,38.6
S05,2025,12,10250.0,Urban,16,,,29.33
S06,2023,1,9200.0,Rural,16,54.7,5.96,17.35
S06,2023,2,9200.0,Rural,16,399.0,5.96,18.77
S06,2023,3,9200.0,Rural,16,238.1,5.96,21.24
S06,2023,4,9200.0,Rural,16,366.1,5.96,23.94
S06,2023,5,9200.0,Rural,16,53.7,5.96,19.58
S06,2023,6,9200.0,Rural,16,26.9,5.96,17.31
S06,2023,7,9200.0,Rural,16,7.1,5.96,14.78
S06,2023,8,9200.0,Rural,16,253.8,5.96,22.67
S06,2023,9,9200.0,Rural,16,168.2,5.96,18.89
S06,2023,10,9200.0,Rural,16,391.0,5.96,24.11
S06,2023,11,9200.0,Rural,16,148.0,5.96,24.46
S06,2023,12,9200.0,Rural,16,,5.96,19.98
S06,2024,1,9200.0,Rural,16,363.6,5.96,19.2
S06,2024,2,9200.0,Rural,16,296.9,5.96,21.0
S06,2024,3,9200.0,Rural,16,261.4,5.96,20.27
S06,2024,4,9200.0,Rural,16,96.5,5.96,20.22
S06,2024,5,9200.0,Rural,16,62.2,5.96,20.62
S06,2024,6,9200.0,Rural,16,224.6,5.96,20.79
S06,2024,7,9200.0,Rural,16,313.5,5.96,21.33
S06,2024,8,9200.0,Rural,16,190.5,5.96,22.2
S06,2024,9,9200.0,Rural,16,269.8,5.96,21.28
S06,2024,10,9200.0,Rural,16,96.3,5.96,23.8
S06,2024,11,9200.0,Rural,16,53.0,5.96,21.51
S06,2024,12,9200.0,Rural,16,496.8,5.96,24.8
S06,2025,1,9200.0,Rural,16,173.2,5.96,19.91
S06,2025,2,9200.0,Rural,16,383.9,5.96,19.29
S06,2025,3,9200.0,Rural,16,16.4,5.96,14.48
S06,2025,4,9200.0,Rural,16,26.2,5.96,16.27
S06,2025,5,9200.0,Rural,16,206.4,5.96,21.74
S06,2025,6,9200.0,Rural,16,20.4,5.96,15.45
S06,2025,7,9200.0,Rural,16,153.8,5.96,20.43
S06,2025,8,9200.0,Rural,16,279.3,5.96,20.1
S06,2025,9,9200.0,Rural,16,120.8,5.96,20.05
S06,2025,10,9200.0,Rural,16,216.6,5.96,24.62
S06,2025,11,9200.0,Rural,16,58.3,5.96,20.93
S06,2025,12,9200.0,Rural,16,0.6,5.96,17.82
S07,2023,1,9270.0,Rural,15,195.8,0.82,16.47
S07,2023,2,9270.0,Rural,15,172.5,0.82,17.95
S07,2023,3,9270.0,Rural,15,336.5,0.82,20.45
S07,2023,4,9270.0,Rural,15,129.0,0.82,16.3
S07,2023,5,9270.0,Rural,15,191.9,0.82,18.26
S07,2023,6,9270.0,Rural,15,91.3,0.82,17.89
S07,2023,7,9270.0,Rural,15,,0.82,18.28
S07,2023,8,9270.0,Rural,15,184.3,0.82,20.17
S07,2023,9,9270.0,Rural,15,60.2,0.82,18.42
S07,2023,10,9270.0,Rural,15,71.9,0.82,21.17
S07,2023,11,9270.0,Rural,15,4.8,0.82,19.4
S07,2023,12,9270.0,Rural,15,16.3,0.82,15.89
S07,2024,1,9270.0,Rural,15,248.1,0.82,19.67
S07,2024,2,9270.0,Rural,15,227.7,0.82,17.68
S07,2024,3,9270.0,Rural,15,339.8,0.82,20.7
S07,2024,4,9270.0,Rural,15,341.3,0.82,22.8
S07,2024,5,9270.0,Rural,15,65.1,0.82,16.73
S07,2024,6,9270.0,Rural,15,342.2,0.82,19.98
S07,2024,7,9270.0,Rural,15,367.5,0.82,18.42
S07,2024,8,9270.0,Rural,15,241.4,0.82,22.28
S07,2024,9,9270.0,Rural,15,144.6,0.82,18.62
S07,2024,10,9270.0,Rural,15,165.6,0.82,23.8
S07,2024,11,9270.0,Rural,15,312.4,0.82,26.87
S07,2024,12,9270.0,Rural,15,215.3,0.82,23.32
S07,2025,1,9270.0,Rural,15,31.2,0.82,15.33
S07,2025,2,9270.0,Rural,15,138.6,0.82,17.99
S07,2025,3,9270.0,Rural,15,66.2,0.82,16.14
S07,2025,4,9270.0,Rural,15,283.2,0.82,22.48
S07,2025,5,9270.0,Rural,15,126.9,0.82,18.76
S07,2025,6,9270.0,Rural,15,237.5,0.82,19.51
S07,2025,7,9270.0,Rural,15,57.5,0.82,15.29
S07,2025,8,9270.0,Rural,15,69.2,0.82,17.64
S07,2025,9,9270.0,Rural,15,396.7,0.82,21.26
S07,2025,10,9270.0,Rural,15,8.6,0.82,20.09
S07,2025,11,9270.0,Rural,15,304.0,0.82,24.97
S07,2025,12,9270.0,Rural,15,466.6,0.82,23.36
S08,2023,1,5950.0,Rural,11,214.5,12.63,14.53
S08,2023,2,5950.0,Rural,11,109.3,12.63,14.01
S08,2023,3,5950.0,Rural,11,237.8,12.63,17.57
S08,2023,4,5950.0,Rural,11,265.4,12.63,15.36
S08,2023,5,5950.0,Rural,11,7.3,12.63,13.14
S08,2023,6,5950.0,Rural,11,92.5,12.63,15.73
S08,2023,7,5950.0,Rural,11,101.5,12.63,13.94
S08,2023,8,5950.0,Rural,11,221.4,12.63,17.29
S08,2023,9,5950.0,Rural,11,,12.63,19.12
S08,2023,10,5950.0,Rural,11,294.8,12.63,20.29
S08,2023,11,5950.0,Rural,11,511.4,,21.21
S08,2023,12,5950.0,Rural,11,267.6,12.63,19.05
S08,2024,1,5950.0,Rural,11,318.4,12.63,16.27
S08,2024,2,5950.0,Rural,11,163.2,12.63,14.84
S08,2024,3,5950.0,Rural,11,,12.63,17.1
S08,2024,4,5950.0,Rural,11,273.0,12.63,17.53
S08,2024,5,5950.0,Rural,11,384.6,12.63,16.73
S08,2024,6,5950.0,Rural,11,79.8,12.63,13.53
S08,2024,7,5950.0,Rural,11,187.9,12.63,14.06
S08,2024,8,5950.0,Rural,11,351.3,12.63,17.54
S08,2024,9,5950.0,Rural,11,206.8,12.63,18.6
S08,2024,10,5950.0,Rural,11,380.2,12.63,21.23
S08,2024,11,5950.0,Rural,11,296.4,12.63,19.73
S08,2024,12,5950.0,Rural,11,470.1,12.63,18.92
S08,2025,1,5950.0,Rural,11,319.2,12.63,15.71
S08,2025,2,5950.0,Rural,11,81.8,12.63,15.69
S08,2025,3,5950.0,Rural,11,9.3,12.63,14.19
S08,2025,4,5950.0,Rural,11,150.9,12.63,17.96
S08,2025,5,5950.0,Rural,11,355.0,12.63,17.31
S08,2025,6,5950.0,Rural,11,127.7,12.63,18.38
S08,2025,7,5950.0,Rural,11,,12.63,15.48
S08,2025,8,5950.0,Rural,11,240.7,12.63,16.7
S08,2025,9,5950.0,Rural,11,187.1,12.63,18.09
S08,2025,10,5950.0,Rural,11,196.1,12.63,20.08
S08,2025,11,5950.0,Rural,11,68.2,,18.3
S08,2025,12,5950.0,Rural,11,356.0,12.63,17.35
S09,2023,1,2400.0,Urban,9,382.0,1.27,12.64
S09,2023,2,2400.0,Urban,9,39.6,,10.14
S09,2023,3,2400.0,Urban,9,352.4,1.27,13.93
S09,2023,4,2400.0,Urban,9,80.8,1.27,11.03
S09,2023,5,2400.0,Urban,9,208.8,,13.1
S09,2023,6,2400.0,Urban,9,103.8,1.27,12.31
S09,2023,7,2400.0,Urban,9,192.6,1.27,13.59
S09,2023,8,2400.0,Urban,9,261.0,1.27,12.58
S09,2023,9,2400.0,Urban,9,44.3,1.27,11.3
S09,2023,10,2400.0,Urban,9,153.3,1.27,15.57
S09,2023,11,2400.0,Urban,9,455.9,1.27,18.18
S09,2023,12,2400.0,Urban,9,512.0,1.27,15.42
S09,2024,1,2400.0,Urban,9,381.2,1.27,12.55
S09,2024,2,2400.0,Urban,9,55.1,1.27,11.43
S09,2024,3,2400.0,Urban,9,221.2,1.27,11.85
S09,2024,4,2400.0,Urban,9,338.3,1.27,13.77
S09,2024,5,2400.0,Urban,9,216.9,1.27,13.3
S09,2024,6,2400.0,Urban,9,101.3,1.27,11.84
S09,2024,7,2400.0,Urban,9,340.8,1.27,13.22
S09,2024,8,2400.0,Urban,9,294.1,1.27,14.76
S09,2024,9,2400.0,Urban,9,148.5,1.27,13.93
S09,2024,10,2400.0,Urban,9,395.2,1.27,17.1
S09,2024,11,2400.0,Urban,9,107.5,1.27,14.75
S09,2024,12,2400.0,Urban,9,62.7,,12.74
S09,2025,1,2400.0,Urban,9,40.2,1.27,10.02
S09,2025,2,2400.0,Urban,9,338.6,1.27,13.01
S09,2025,3,2400.0,Urban,9,165.4,1.27,13.87
S09,2025,4,2400.0,Urban,9,98.1,1.27,13.11
S09,2025,5,2400.0,Urban,9,340.5,1.27,15.44
S09,2025,6,2400.0,Urban,9,212.3,1.27,14.57
S09,2025,7,2400.0,Urban,9,97.9,1.27,11.53
S09,2025,8,2400.0,Urban,9,376.0,1.27,14.69
S09,2025,9,2400.0,Urban,9,310.9,1.27,14.7
S09,2025,10,2400.0,Urban,9,255.1,1.27,16.54
S09,2025,11,2400.0,Urban,9,279.0,1.27,17.18
S09,2025,12,2400.0,Urban,9,68.5,1.27,13.09
S10,2023,1,7680.0,Semi-Urban,11,380.9,9.76,24.83
S10,2023,2,7680.0,Semi-Urban,11,381.3,,24.15
S10,2023,3,7680.0,Semi-Urban,11,221.8,9.76,22.77
S10,2023,4,7680.0,Semi-Urban,11,101.3,9.76,23.93
S10,2023,5,7680.0,Semi-Urban,11,47.6,9.76,20.88
S10,2023,6,7680.0,Semi-Urban,11,128.6,9.76,23.2
S10,2023,7,7680.0,Semi-Urban,11,,9.76,23.29
S10,2023,8,7680.0,Semi-Urban,11,212.8,9.76,24.87
S10,2023,9,7680.0,Semi-Urban,11,395.4,9.76,26.61
S10,2023,10,7680.0,Semi-Urban,11,385.6,9.76,26.7
S10,2023,11,7680.0,Semi-Urban,11,79.5,9.76,27.71
S10,2023,12,7680.0,Semi-Urban,11,177.5,9.76,25.72
S10,2024,1,7680.0,Semi-Urban,11,,9.76,20.89
S10,2024,2,7680.0,Semi-Urban,11,249.1,9.76,23.19
S10,2024,3,7680.0,Semi-Urban,11,317.5,9.76,27.46
S10,2024,4,7680.0,Semi-Urban,11,369.5,9.76,23.68
S10,2024,5,7680.0,Semi-Urban,11,255.6,9.76,24.17
S10,2024,6,7680.0,Semi-Urban,11,397.3,9.76,24.13
S10,2024,7,7680.0,Semi-Urban,11,24.8,9.76,20.16
S10,2024,8,7680.0,Semi-Urban,11,51.6,9.76,20.83
S10,2024,9,7680.0,Semi-Urban,11,252.9,9.76,25.78
S10,2024,10,7680.0,Semi-Urban,11,479.4,9.76,28.15
S10,2024,11,7680.0,Semi-Urban,11,377.6,9.76,32.8
S10,2024,12,7680.0,Semi-Urban,11,343.2,9.76,25.75
S10,2025,1,7680.0,Semi-Urban,11,189.1,9.76,22.82
S10,2025,2,7680.0,Semi-Urban,11,137.1,9.76,22.28
S10,2025,3,7680.0,Semi-Urban,11,271.2,,25.37
S10,2025,4,7680.0,Semi-Urban,11,16.1,,18.04
S10,2025,5,7680.0,Semi-Urban,11,357.0,9.76,24.21
S10,2025,6,7680.0,Semi-Urban,11,264.0,,25.28
S10,2025,7,7680.0,Semi-Urban,11,379.0,9.76,26.54
S10,2025,8,7680.0,Semi-Urban,11,295.4,9.76,24.77
S10,2025,9,7680.0,Semi-Urban,11,224.7,9.76,26.38
S10,2025,10,7680.0,Semi-Urban,11,264.6,9.76,29.46
S10,2025,11,7680.0,Semi-Urban,11,218.0,9.76,29.69
S10,2025,12,7680.0,Semi-Urban,11,178.0,9.76,26.21
S11,2023,1,4790.0,Urban,8,176.0,1.57,15.21
S11,2023,2,4790.0,Urban,8,36.7,1.57,13.39
S11,2023,3,4790.0,Urban,8,262.2,1.57,17.98
S11,2023,4,4790.0,Urban,8,,1.57,11.64
S11,2023,5,4790.0,Urban,8,79.1,1.57,14.19
S11,2023,6,4790.0,Urban,8,344.3,1.57,15.92
S11,2023,7,4790.0,Urban,8,267.1,1.57,16.41
S11,2023,8,4790.0,Urban,8,110.1,1.57,15.27
S11,2023,9,4790.0,Urban,8,,1.57,16.45
S11,2023,10,4790.0,Urban,8,473.4,1.57,21.42
S11,2023,11,4790.0,Urban,8,281.9,1.57,18.43
S11,2023,12,4790.0,Urban,8,495.5,1.57,17.27
S11,2024,1,4790.0,Urban,8,102.0,1.57,14.19
S11,2024,2,4790.0,Urban,8,128.2,1.57,16.01
S11,2024,3,4790.0,Urban,8,159.9,1.57,15.86
S11,2024,4,4790.0,Urban,8,9.3,1.57,12.23
S11,2024,5,4790.0,Urban,8,350.0,1.57,18.19
S11,2024,6,4790.0,Urban,8,177.6,1.57,16.83
S11,2024,7,4790.0,Urban,8,341.6,1.57,15.68
S11,2024,8,4790.0,Urban,8,217.8,1.57,17.62
S11,2024,9,4790.0,Urban,8,252.9,,16.85
S11,2024,10,4790.0,Urban,8,127.0,1.57,18.13
S11,2024,11,4790.0,Urban,8,480.4,1.57,20.39
S11,2024,12,4790.0,Urban,8,508.7,1.57,18.4
S11,2025,1,4790.0,Urban,8,305.9,1.57,16.1
S11,2025,2,4790.0,Urban,8,192.2,1.57,14.4
S11,2025,3,4790.0,Urban,8,96.1,1.57,15.45
S11,2025,4,4790.0,Urban,8,,1.57,15.8
S11,2025,5,4790.0,Urban,8,234.4,1.57,16.54
S11,2025,6,4790.0,Urban,8,87.5,1.57,14.27
S11,2025,7,4790.0,Urban,8,344.2,1.57,15.99
S11,2025,8,4790.0,Urban,8,3.0,1.57,11.56
S11,2025,9,4790.0,Urban,8,319.0,1.57,19.52
S11,2025,10,4790.0,Urban,8,71.9,1.57,17.19
S11,2025,11,4790.0,Urban,8,60.2,1.57,17.36
S11,2025,12,4790.0,Urban,8,519.3,1.57,18.8
S12,2023,1,7310.0,Rural,11,61.6,1.26,14.05
S12,2023,2,7310.0,Rural,11,247.9,1.26,15.26
S12,2023,3,7310.0,Rural,11,392.3,1.26,17.58
S12,2023,4,7310.0,Rural,11,55.2,1.26,14.33
S12,2023,5,7310.0,Rural,11,108.3,1.26,15.04
S12,2023,6,7310.0,Rural,11,265.4,1.26,15.04
S12,2023,7,7310.0,Rural,11,333.0,1.26,16.97
S12,2023,8,7310.0,Rural,11,169.4,1.26,15.58
S12,2023,9,7310.0,Rural,11,200.3,,17.78
S12,2023,10,7310.0,Rural,11,339.4,1.26,19.51
S12,2023,11,7310.0,Rural,11,519.7,1.26,21.23
S12,2023,12,7310.0,Rural,11,49.5,1.26,15.9
S12,2024,1,7310.0,Rural,11,390.7,1.26,17.13
S12,2024,2,7310.0,Rural,11,184.5,1.26,15.91
S12,2024,3,7310.0,Rural,11,20.6,1.26,13.16
S12,2024,4,7310.0,Rural,11,141.3,1.26,16.46
S12,2024,5,7310.0,Rural,11,332.8,1.26,16.04
S12,2024,6,7310.0,Rural,11,166.7,1.26,16.43
S12,2024,7,7310.0,Rural,11,299.5,1.26,15.96
S12,2024,8,7310.0,Rural,11,196.5,1.26,16.2
S12,2024,9,7310.0,Rural,11,,1.26,14.52
S12,2024,10,7310.0,Rural,11,50.0,1.26,15.94
S12,2024,11,7310.0,Rural,11,277.6,1.26,19.49
S12,2024,12,7310.0,Rural,11,27.5,1.26,14.6
S12,2025,1,7310.0,Rural,11,,1.26,14.71
S12,2025,2,7310.0,Rural,11,13.9,1.26,11.55
S12,2025,3,7310.0,Rural,11,329.3,1.26,17.08
S12,2025,4,7310.0,Rural,11,58.7,,12.3
S12,2025,5,7310.0,Rural,11,,1.26,16.57
S12,2025,6,7310.0,Rural,11,327.7,1.26,18.04
S12,2025,7,7310.0,Rural,11,,1.26,16.4
S12,2025,8,7310.0,Rural,11,103.0,1.26,15.17
S12,2025,9,7310.0,Rural,11,201.7,1.26,16.99
S12,2025,10,7310.0,Rural,11,241.6,1.26,17.05
S12,2025,11,7310.0,Rural,11,114.0,1.26,18.12
S12,2025,12,7310.0,Rural,11,390.8,1.26,20.21
S13,2023,1,13090.0,Semi-Urban,18,34.4,4.2,24.9
S13,2023,2,13090.0,Semi-Urban,18,,4.2,28.92
S13,2023,3,13090.0,Semi-Urban,18,159.4,4.2,32.67
S13,2023,4,13090.0,Semi-Urban,18,54.9,4.2,27.52
S13,2023,5,13090.0,Semi-Urban,18,179.5,4.2,30.73
S13,2023,6,13090.0,Semi-Urban,18,350.0,4.2,34.07
S13,2023,7,13090.0,Semi-Urban,18,349.1,4.2,28.04
S13,2023,8,13090.0,Semi-Urban,18,88.3,,28.84
S13,2023,9,13090.0,Semi-Urban,18,115.6,4.2,28.22
S13,2023,10,13090.0,Semi-Urban,18,294.5,4.2,35.88
S13,2023,11,13090.0,Semi-Urban,18,430.8,4.2,43.86
S13,2023,12,13090.0,Semi-Urban,18,13.8,4.2,29.34
S13,2024,1,13090.0,Semi-Urban,18,240.6,4.2,25.86
S13,2024,2,13090.0,Semi-Urban,18,104.1,4.2,26.4
S13,2024,3,13090.0,Semi-Urban,18,303.2,,29.02
S13,2024,4,13090.0,Semi-Urban,18,224.5,4.2,31.89
S13,2024,5,13090.0,Semi-Urban,18,108.3,4.2,30.1
S13,2024,6,13090.0,Semi-Urban,18,125.9,4.2,30.93
S13,2024,7,13090.0,Semi-Urban,18,270.7,4.2,31.49
S13,2024,8,13090.0,Semi-Urban,18,0.4,4.2,23.94
S13,2024,9,13090.0,Semi-Urban,18,357.8,4.2,33.99
S13,2024,10,13090.0,Semi-Urban,18,89.4,4.2,34.53
S13,2024,11,13090.0,Semi-Urban,18,244.4,4.2,41.1
S13,2024,12,13090.0,Semi-Urban,18,486.5,4.2,38.05
S13,2025,1,13090.0,Semi-Urban,18,86.1,4.2,30.25
S13,2025,2,13090.0,Semi-Urban,18,78.2,,25.93
S13,2025,3,13090.0,Semi-Urban,18,85.6,,27.54
S13,2025,4,13090.0,Semi-Urban,18,82.8,4.2,28.48
S13,2025,5,13090.0,Semi-Urban,18,70.5,4.2,28.23
S13,2025,6,13090.0,Semi-Urban,18,344.1,4.2,30.02
S13,2025,7,13090.0,Semi-Urban,18,144.3,4.2,27.58
S13,2025,8,13090.0,Semi-Urban,18,142.9,4.2,31.18
S13,2025,9,13090.0,Semi-Urban,18,244.2,4.2,31.76
S13,2025,10,13090.0,Semi-Urban,18,462.0,4.2,36.69
S13,2025,11,13090.0,Semi-Urban,18,51.9,4.2,31.75
S13,2025,12,13090.0,Semi-Urban,18,60.0,4.2,27.75
S14,2023,1,5040.0,Rural,7,48.8,5.15,14.52
S14,2023,2,5040.0,Rural,7,301.7,5.15,18.88
S14,2023,3,5040.0,Rural,7,210.4,5.15,18.86
S14,2023,4,5040.0,Rural,7,17.7,5.15,13.69
S14,2023,5,5040.0,Rural,7,129.6,5.15,15.96
S14,2023,6,5040.0,Rural,7,230.7,5.15,18.25
S14,2023,7,5040.0,Rural,7,68.1,5.15,13.56
S14,2023,8,5040.0,Rural,7,199.5,,17.99
S14,2023,9,5040.0,Rural,7,159.0,,17.04
S14,2023,10,5040.0,Rural,7,66.6,5.15,18.62
S14,2023,11,5040.0,Rural,7,100.5,5.15,21.64
S14,2023,12,5040.0,Rural,7,450.4,5.15,20.04
S14,2024,1,5040.0,Rural,7,143.5,5.15,15.25
S14,2024,2,5040.0,Rural,7,,5.15,16.58
S14,2024,3,5040.0,Rural,7,,5.15,16.84
S14,2024,4,5040.0,Rural,7,156.6,5.15,15.71
S14,2024,5,5040.0,Rural,7,180.4,5.15,18.89
S14,2024,6,5040.0,Rural,7,184.7,5.15,17.51
S14,2024,7,5040.0,Rural,7,221.8,5.15,16.56
S14,2024,8,5040.0,Rural,7,138.3,5.15,16.99
S14,2024,9,5040.0,Rural,7,37.9,5.15,14.19
S14,2024,10,5040.0,Rural,7,376.0,5.15,22.43
S14,2024,11,5040.0,Rural,7,111.6,5.15,19.58
S14,2024,12,5040.0,Rural,7,392.9,5.15,21.07
S14,2025,1,5040.0,Rural,7,330.7,5.15,17.95
S14,2025,2,5040.0,Rural,7,239.0,5.15,17.78
S14,2025,3,5040.0,Rural,7,21.0,,14.6
S14,2025,4,5040.0,Rural,7,157.0,5.15,17.73
S14,2025,5,5040.0,Rural,7,231.6,,17.86
S14,2025,6,5040.0,Rural,7,15.4,5.15,14.0
S14,2025,7,5040.0,Rural,7,225.1,,17.01
S14,2025,8,5040.0,Rural,7,297.4,5.15,16.2
S14,2025,9,5040.0,Rural,7,198.6,5.15,19.3
S14,2025,10,5040.0,Rural,7,2.8,5.15,14.96
S14,2025,11,5040.0,Rural,7,172.0,5.15,21.39
S14,2025,12,5040.0,Rural,7,194.0,,20.96
S15,2023,1,2760.0,Semi-Urban,8,,0.46,10.16
S15,2023,2,2760.0,Semi-Urban,8,310.0,,10.83
S15,2023,3,2760.0,Semi-Urban,8,214.6,0.46,13.34
S15,2023,4,2760.0,Semi-Urban,8,385.4,,12.88
S15,2023,5,2760.0,Semi-Urban,8,75.0,0.46,9.8
S15,2023,6,2760.0,Semi-Urban,8,351.3,0.46,11.32
S15,2023,7,2760.0,Semi-Urban,8,324.4,0.46,13.17
S15,2023,8,2760.0,Semi-Urban,8,,0.46,10.88
S15,2023,9,2760.0,Semi-Urban,8,242.9,0.46,14.26
S15,2023,10,2760.0,Semi-Urban,8,192.4,0.46,14.45
S15,2023,11,2760.0,Semi-Urban,8,61.6,0.46,13.12
S15,2023,12,2760.0,Semi-Urban,8,435.6,0.46,15.48
S15,2024,1,2760.0,Semi-Urban,8,121.5,0.46,11.84
S15,2024,2,2760.0,Semi-Urban,8,9.6,0.46,8.1
S15,2024,3,2760.0,Semi-Urban,8,185.5,0.46,13.33
S15,2024,4,2760.0,Semi-Urban,8,65.4,0.46,10.02
S15,2024,5,2760.0,Semi-Urban,8,150.7,0.46,10.69
S15,2024,6,2760.0,Semi-Urban,8,16.0,0.46,8.93
S15,2024,7,2760.0,Semi-Urban,8,208.9,0.46,10.87
S15,2024,8,2760.0,Semi-Urban,8,55.8,0.46,10.54
S15,2024,9,2760.0,Semi-Urban,8,137.7,0.46,11.42
S15,2024,10,2760.0,Semi-Urban,8,492.6,0.46,16.25
S15,2024,11,2760.0,Semi-Urban,8,420.7,,18.27
S15,2024,12,2760.0,Semi-Urban,8,42.0,,11.25
S15,2025,1,2760.0,Semi-Urban,8,348.6,0.46,12.11
S15,2025,2,2760.0,Semi-Urban,8,171.6,,11.85
S15,2025,3,2760.0,Semi-Urban,8,14.4,,8.36
S15,2025,4,2760.0,Semi-Urban,8,397.4,0.46,15.3
S15,2025,5,2760.0,Semi-Urban,8,16.2,0.46,8.16
S15,2025,6,2760.0,Semi-Urban,8,120.7,0.46,11.15
S15,2025,7,2760.0,Semi-Urban,8,18.0,0.46,8.62
S15,2025,8,2760.0,Semi-Urban,8,335.0,0.46,13.58
S15,2025,9,2760.0,Semi-Urban,8,333.9,0.46,14.07
S15,2025,10,2760.0,Semi-Urban,8,278.1,0.46,14.97
S15,2025,11,2760.0,Semi-Urban,8,295.1,,15.81
S15,2025,12,2760.0,Semi-Urban,8,231.4,0.46,15.15
S16,2023,1,5660.0,Urban,10,387.5,0.41,18.75
S16,2023,2,5660.0,Urban,10,75.7,0.41,15.84
S16,2023,3,5660.0,Urban,10,385.7,0.41,20.92
S16,2023,4,5660.0,Urban,10,346.9,0.41,20.4
S16,2023,5,5660.0,Urban,10,332.0,0.41,19.8
S16,2023,6,5660.0,Urban,10,336.9,0.41,16.88
S16,2023,7,5660.0,Urban,10,50.8,0.41,15.3
S16,2023,8,5660.0,Urban,10,218.3,0.41,18.86
S16,2023,9,5660.0,Urban,10,359.6,,21.66
S16,2023,10,5660.0,Urban,10,,0.41,18.89
S16,2023,11,5660.0,Urban,10,237.3,0.41,22.71
S16,2023,12,5660.0,Urban,10,188.0,0.41,20.71
S16,2024,1,5660.0,Urban,10,,0.41,13.11
S16,2024,2,5660.0,Urban,10,311.9,0.41,17.04
S16,2024,3,5660.0,Urban,10,372.3,0.41,21.07
S16,2024,4,5660.0,Urban,10,14.1,0.41,14.78
S16,2024,5,5660.0,Urban,10,82.3,0.41,18.14
S16,2024,6,5660.0,Urban,10,87.5,0.41,16.09
S16,2024,7,5660.0,Urban,10,374.5,0.41,16.83
S16,2024,8,5660.0,Urban,10,94.5,0.41,16.61
S16,2024,9,5660.0,Urban,10,61.4,0.41,16.08
S16,2024,10,5660.0,Urban,10,101.5,0.41,21.0
S16,2024,11,5660.0,Urban,10,474.5,0.41,24.72
S16,2024,12,5660.0,Urban,10,325.5,0.41,22.19
S16,2025,1,5660.0,Urban,10,320.2,0.41,20.03
S16,2025,2,5660.0,Urban,10,345.7,0.41,19.5
S16,2025,3,5660.0,Urban,10,,0.41,16.86
S16,2025,4,5660.0,Urban,10,90.4,0.41,17.85
S16,2025,5,5660.0,Urban,10,378.3,0.41,19.01
S16,2025,6,5660.0,Urban,10,308.3,0.41,18.36
S16,2025,7,5660.0,Urban,10,73.1,0.41,16.9
S16,2025,8,5660.0,Urban,10,261.3,0.41,17.91
S16,2025,9,5660.0,Urban,10,173.9,,19.82
S16,2025,10,5660.0,Urban,10,375.4,0.41,23.86
S16,2025,11,5660.0,Urban,10,487.1,0.41,22.48
S16,2025,12,5660.0,Urban,10,55.8,0.41,16.08
S17,2023,1,5820.0,Semi-Urban,8,207.8,13.9,18.23
S17,2023,2,5820.0,Semi-Urban,8,174.7,13.9,15.14
S17,2023,3,5820.0,Semi-Urban,8,194.5,13.9,21.12
S17,2023,4,5820.0,Semi-Urban,8,168.7,13.9,19.92
S17,2023,5,5820.0,Semi-Urban,8,237.2,13.9,21.45
S17,2023,6,5820.0,Semi-Urban,8,255.0,13.9,20.0
S17,2023,7,5820.0,Semi-Urban,8,392.6,13.9,21.52
S17,2023,8,5820.0,Semi-Urban,8,358.7,13.9,19.95
S17,2023,9,5820.0,Semi-Urban,8,24.1,13.9,16.99
S17,2023,10,5820.0,Semi-Urban,8,337.1,13.9,23.76
S17,2023,11,5820.0,Semi-Urban,8,222.6,,24.28
S17,2023,12,5820.0,Semi-Urban,8,445.2,13.9,23.48
S17,2024,1,5820.0,Semi-Urban,8,139.1,13.9,17.93
S17,2024,2,5820.0,Semi-Urban,8,268.7,13.9,18.29
S17,2024,3,5820.0,Semi-Urban,8,148.4,13.9,19.75
S17,2024,4,5820.0,Semi-Urban,8,324.8,13.9,20.64
S17,2024,5,5820.0,Semi-Urban,8,294.6,13.9,18.43
S17,2024,6,5820.0,Semi-Urban,8,86.2,13.9,15.63
S17,2024,7,5820.0,Semi-Urban,8,52.5,13.9,17.3
S17,2024,8,5820.0,Semi-Urban,8,,13.9,17.5
S17,2024,9,5820.0,Semi-Urban,8,357.9,13.9,21.1
S17,2024,10,5820.0,Semi-Urban,8,57.6,13.9,18.54
S17,2024,11,5820.0,Semi-Urban,8,80.3,13.9,24.03
S17,2024,12,5820.0,Semi-Urban,8,151.5,13.9,22.31
S17,2025,1,5820.0,Semi-Urban,8,353.1,13.9,19.4
S17,2025,2,5820.0,Semi-Urban,8,283.3,13.9,18.26
S17,2025,3,5820.0,Semi-Urban,8,143.1,13.9,17.57
S17,2025,4,5820.0,Semi-Urban,8,59.0,13.9,17.45
S17,2025,5,5820.0,Semi-Urban,8,123.3,13.9,18.41
S17,2025,6,5820.0,Semi-Urban,8,,13.9,18.17
S17,2025,7,5820.0,Semi-Urban,8,28.0,13.9,14.34
S17,2025,8,5820.0,Semi-Urban,8,312.9,13.9,19.13
S17,2025,9,5820.0,Semi-Urban,8,326.0,13.9,19.71
S17,2025,10,5820.0,Semi-Urban,8,426.7,13.9,23.65
S17,2025,11,5820.0,Semi-Urban,8,187.6,13.9,24.53
S17,2025,12,5820.0,Semi-Urban,8,243.1,13.9,23.29
S18,2023,1,10600.0,Urban,14,96.4,0.6,24.89
S18,2023,2,10600.0,Urban,14,125.5,0.6,26.3
S18,2023,3,10600.0,Urban,14,52.4,0.6,26.68
S18,2023,4,10600.0,Urban,14,121.2,0.6,24.36
S18,2023,5,10600.0,Urban,14,94.4,0.6,26.87
S18,2023,6,10600.0,Urban,14,372.0,0.6,31.13
S18,2023,7,10600.0,Urban,14,257.2,0.6,24.59
S18,2023,8,10600.0,Urban,14,399.5,0.6,24.89
S18,2023,9,10600.0,Urban,14,355.9,0.6,30.26
S18,2023,10,10600.0,Urban,14,411.6,0.6,37.48
S18,2023,11,10600.0,Urban,14,42.2,0.6,30.74
S18,2023,12,10600.0,Urban,14,,0.6,33.94
S18,2024,1,10600.0,Urban,14,162.9,0.6,26.58
S18,2024,2,10600.0,Urban,14,220.9,,25.37
S18,2024,3,10600.0,Urban,14,,0.6,24.04
S18,2024,4,10600.0,Urban,14,317.2,0.6,26.59
S18,2024,5,10600.0,Urban,14,397.9,0.6,31.87
S18,2024,6,10600.0,Urban,14,356.0,0.6,30.27
S18,2024,7,10600.0,Urban,14,160.7,0.6,26.75
S18,2024,8,10600.0,Urban,14,242.5,0.6,28.77
S18,2024,9,10600.0,Urban,14,137.9,0.6,27.43
S18,2024,10,10600.0,Urban,14,154.1,0.6,34.12
S18,2024,11,10600.0,Urban,14,101.5,0.6,31.8
S18,2024,12,10600.0,Urban,14,493.6,0.6,32.8
S18,2025,1,10600.0,Urban,14,333.6,0.6,26.24
S18,2025,2,10600.0,Urban,14,76.8,,26.17
S18,2025,3,10600.0,Urban,14,324.8,0.6,29.35
S18,2025,4,10600.0,Urban,14,365.3,0.6,29.99
S18,2025,5,10600.0,Urban,14,271.1,0.6,26.8
S18,2025,6,10600.0,Urban,14,94.1,0.6,25.26
S18,2025,7,10600.0,Urban,14,385.8,0.6,28.57
S18,2025,8,10600.0,Urban,14,172.0,0.6,25.78
S18,2025,9,10600.0,Urban,14,101.2,,27.69
S18,2025,10,10600.0,Urban,14,401.4,0.6,35.16
S18,2025,11,10600.0,Urban,14,434.3,0.6,33.68
S18,2025,12,10600.0,Urban,14,2.2,0.6,28.12
S19,2023,1,9240.0,Rural,15,,2.32,19.2
S19,2023,2,9240.0,Rural,15,83.2,2.32,16.58
S19,2023,3,9240.0,Rural,15,,2.32,19.41
S19,2023,4,9240.0,Rural,15,158.1,2.32,17.26
S19,2023,5,9240.0,Rural,15,148.6,2.32,19.67
S19,2023,6,9240.0,Rural,15,78.2,2.32,16.68
S19,2023,7,9240.0,Rural,15,191.8,2.32,16.95
S19,2023,8,9240.0,Rural,15,256.9,2.32,19.1
S19,2023,9,9240.0,Rural,15,393.2,2.32,21.62
S19,2023,10,9240.0,Rural,15,209.7,2.32,23.53
S19,2023,11,9240.0,Rural,15,127.9,2.32,21.33
S19,2023,12,9240.0,Rural,15,392.4,2.32,24.44
S19,2024,1,9240.0,Rural,15,,2.32,16.37
S19,2024,2,9240.0,Rural,15,74.2,2.32,17.87
S19,2024,3,9240.0,Rural,15,115.8,,18.69
S19,2024,4,9240.0,Rural,15,363.0,2.32,19.9
S19,2024,5,9240.0,Rural,15,106.4,2.32,17.66
S19,2024,6,9240.0,Rural,15,101.9,2.32,17.75
S19,2024,7,9240.0,Rural,15,377.5,,20.0
S19,2024,8,9240.0,Rural,15,89.9,2.32,16.04
S19,2024,9,9240.0,Rural,15,159.7,2.32,18.82
S19,2024,10,9240.0,Rural,15,84.2,2.32,21.09
S19,2024,11,9240.0,Rural,15,407.1,2.32,26.72
S19,2024,12,9240.0,Rural,15,477.0,2.32,24.57
S19,2025,1,9240.0,Rural,15,339.4,2.32,20.47
S19,2025,2,9240.0,Rural,15,,2.32,15.84
S19,2025,3,9240.0,Rural,15,122.3,2.32,17.66
S19,2025,4,9240.0,Rural,15,304.0,2.32,20.18
S19,2025,5,9240.0,Rural,15,312.3,2.32,21.11
S19,2025,6,9240.0,Rural,15,291.3,2.32,20.68
S19,2025,7,9240.0,Rural,15,350.7,2.32,19.09
S19,2025,8,9240.0,Rural,15,297.9,2.32,20.78
S19,2025,9,9240.0,Rural,15,,2.32,20.21
S19,2025,10,9240.0,Rural,15,,2.32,18.51
S19,2025,11,9240.0,Rural,15,261.5,,24.23
S19,2025,12,9240.0,Rural,15,303.0,2.32,22.37
S20,2023,1,12190.0,Semi-Urban,19,314.8,1.78,24.63
S20,2023,2,12190.0,Semi-Urban,19,98.7,1.78,24.68
S20,2023,3,12190.0,Semi-Urban,19,271.2,1.78,27.03
S20,2023,4,12190.0,Semi-Urban,19,75.4,1.78,25.46
S20,2023,5,12190.0,Semi-Urban,19,384.3,1.78,28.47
S20,2023,6,12190.0,Semi-Urban,19,367.1,1.78,30.78
S20,2023,7,12190.0,Semi-Urban,19,140.8,1.78,24.74
S20,2023,8,12190.0,Semi-Urban,19,189.6,1.78,28.73
S20,2023,9,12190.0,Semi-Urban,19,37.5,1.78,24.74
S20,2023,10,12190.0,Semi-Urban,19,455.3,,33.48
S20,2023,11,12190.0,Semi-Urban,19,,1.78,33.79
S20,2023,12,12190.0,Semi-Urban,19,509.6,1.78,31.56
S20,2024,1,12190.0,Semi-Urban,19,120.5,1.78,23.47
S20,2024,2,12190.0,Semi-Urban,19,134.7,1.78,26.0
S20,2024,3,12190.0,Semi-Urban,19,263.4,1.78,26.19
S20,2024,4,12190.0,Semi-Urban,19,9.8,1.78,20.54
S20,2024,5,12190.0,Semi-Urban,19,284.8,1.78,26.07
S20,2024,6,12190.0,Semi-Urban,19,198.2,1.78,25.09
S20,2024,7,12190.0,Semi-Urban,19,139.3,1.78,24.07
S20,2024,8,12190.0,Semi-Urban,19,12.4,1.78,22.5
S20,2024,9,12190.0,Semi-Urban,19,378.1,1.78,27.7
S20,2024,10,12190.0,Semi-Urban,19,389.8,1.78,32.51
S20,2024,11,12190.0,Semi-Urban,19,450.6,1.78,32.95
S20,2024,12,12190.0,Semi-Urban,19,112.3,1.78,29.51
S20,2025,1,12190.0,Semi-Urban,19,,1.78,29.01
S20,2025,2,12190.0,Semi-Urban,19,92.3,1.78,24.06
S20,2025,3,12190.0,Semi-Urban,19,,1.78,26.97
S20,2025,4,12190.0,Semi-Urban,19,254.2,1.78,23.51
S20,2025,5,12190.0,Semi-Urban,19,212.6,1.78,29.51
S20,2025,6,12190.0,Semi-Urban,19,179.8,1.78,26.32
S20,2025,7,12190.0,Semi-Urban,19,80.6,1.78,23.53
S20,2025,8,12190.0,Semi-Urban,19,324.7,1.78,23.87
S20,2025,9,12190.0,Semi-Urban,19,231.4,1.78,27.8
S20,2025,10,12190.0,Semi-Urban,19,505.6,1.78,33.23
S20,2025,11,12190.0,Semi-Urban,19,479.4,1.78,32.99
S20,2025,12,12190.0,Semi-Urban,19,88.0,1.78,25.95
S21,2023,1,10640.0,Rural,19,36.0,,18.95
S21,2023,2,10640.0,Rural,19,28.5,18.61,23.26
S21,2023,3,10640.0,Rural,19,29.6,18.61,22.36
S21,2023,4,10640.0,Rural,19,330.9,18.61,25.85
S21,2023,5,10640.0,Rural,19,309.8,18.61,26.15
S21,2023,6,10640.0,Rural,19,352.9,18.61,25.92
S21,2023,7,10640.0,Rural,19,208.9,18.61,22.57
S21,2023,8,10640.0,Rural,19,,18.61,27.11
S21,2023,9,10640.0,Rural,19,187.1,18.61,26.26
S21,2023,10,10640.0,Rural,19,414.2,18.61,31.95
S21,2023,11,10640.0,Rural,19,79.8,18.61,31.73
S21,2023,12,10640.0,Rural,19,437.9,18.61,27.79
S21,2024,1,10640.0,Rural,19,274.4,18.61,23.22
S21,2024,2,10640.0,Rural,19,31.1,18.61,21.35
S21,2024,3,10640.0,Rural,19,123.1,18.61,26.19
S21,2024,4,10640.0,Rural,19,,18.61,25.49
S21,2024,5,10640.0,Rural,19,118.0,18.61,23.45
S21,2024,6,10640.0,Rural,19,115.9,,24.89
S21,2024,7,10640.0,Rural,19,,18.61,28.4
S21,2024,8,10640.0,Rural,19,,18.61,26.43
S21,2024,9,10640.0,Rural,19,277.4,18.61,26.0
S21,2024,10,10640.0,Rural,19,354.9,18.61,29.59
S21,2024,11,10640.0,Rural,19,232.4,18.61,31.69
S21,2024,12,10640.0,Rural,19,45.1,18.61,26.85
S21,2025,1,10640.0,Rural,19,176.4,,27.59
S21,2025,2,10640.0,Rural,19,94.8,18.61,22.39
S21,2025,3,10640.0,Rural,19,218.3,18.61,26.2
S21,2025,4,10640.0,Rural,19,189.0,18.61,28.45
S21,2025,5,10640.0,Rural,19,247.9,18.61,26.24
S21,2025,6,10640.0,Rural,19,196.7,18.61,25.43
S21,2025,7,10640.0,Rural,19,240.8,18.61,27.14
S21,2025,8,10640.0,Rural,19,28.7,18.61,22.32
S21,2025,9,10640.0,Rural,19,192.6,18.61,25.05
S21,2025,10,10640.0,Rural,19,256.6,18.61,33.37
S21,2025,11,10640.0,Rural,19,500.3,18.61,29.8
S21,2025,12,10640.0,Rural,19,94.1,18.61,28.82
S22,2023,1,7280.0,Urban,16,38.1,1.63,18.79
S22,2023,2,7280.0,Urban,16,172.8,1.63,21.64
S22,2023,3,7280.0,Urban,16,293.4,1.63,23.89
S22,2023,4,7280.0,Urban,16,228.0,1.63,23.77
S22,2023,5,7280.0,Urban,16,376.4,1.63,23.5
S22,2023,6,7280.0,Urban,16,250.7,1.63,24.04
S22,2023,7,7280.0,Urban,16,256.6,1.63,22.4
S22,2023,8,7280.0,Urban,16,303.9,1.63,21.6
S22,2023,9,7280.0,Urban,16,362.3,1.63,25.34
S22,2023,10,7280.0,Urban,16,393.2,1.63,30.79
S22,2023,11,7280.0,Urban,16,519.4,1.63,26.69
S22,2023,12,7280.0,Urban,16,149.2,1.63,25.9
S22,2024,1,7280.0,Urban,16,105.1,1.63,19.99
S22,2024,2,7280.0,Urban,16,397.4,1.63,24.49
S22,2024,3,7280.0,Urban,16,210.7,1.63,23.47
S22,2024,4,7280.0,Urban,16,344.0,,25.68
S22,2024,5,7280.0,Urban,16,81.5,1.63,22.18
S22,2024,6,7280.0,Urban,16,333.1,1.63,24.74
S22,2024,7,7280.0,Urban,16,175.9,1.63,24.4
S22,2024,8,7280.0,Urban,16,394.0,1.63,24.33
S22,2024,9,7280.0,Urban,16,319.4,1.63,25.29
S22,2024,10,7280.0,Urban,16,166.8,1.63,28.27
S22,2024,11,7280.0,Urban,16,291.6,1.63,29.88
S22,2024,12,7280.0,Urban,16,331.1,1.63,27.03
S22,2025,1,7280.0,Urban,16,299.7,,21.23
S22,2025,2,7280.0,Urban,16,132.3,1.63,21.51
S22,2025,3,7280.0,Urban,16,75.5,1.63,19.69
S22,2025,4,7280.0,Urban,16,178.5,1.63,20.64
S22,2025,5,7280.0,Urban,16,303.7,1.63,22.32
S22,2025,6,7280.0,Urban,16,8.5,,19.35
S22,2025,7,7280.0,Urban,16,,1.63,20.71
S22,2025,8,7280.0,Urban,16,110.0,1.63,23.35
S22,2025,9,7280.0,Urban,16,22.0,1.63,19.54
S22,2025,10,7280.0,Urban,16,,1.63,24.23
S22,2025,11,7280.0,Urban,16,80.8,1.63,24.34
S22,2025,12,7280.0,Urban,16,231.2,1.63,25.14
S23,2023,1,12580.0,Rural,18,28.7,,19.62
S23,2023,2,12580.0,Rural,18,357.2,1.78,23.17
S23,2023,3,12580.0,Rural,18,71.4,1.78,22.35
S23,2023,4,12580.0,Rural,18,219.8,1.78,24.12
S23,2023,5,12580.0,Rural,18,,1.78,20.58
S23,2023,6,12580.0,Rural,18,289.9,1.78,21.79
S23,2023,7,12580.0,Rural,18,381.3,1.78,20.7
S23,2023,8,12580.0,Rural,18,120.1,1.78,25.01
S23,2023,9,12580.0,Rural,18,143.9,1.78,21.33
S23,2023,10,12580.0,Rural,18,,,25.48
S23,2023,11,12580.0,Rural,18,369.9,,30.02
S23,2023,12,12580.0,Rural,18,228.4,1.78,27.13
S23,2024,1,12580.0,Rural,18,244.2,1.78,22.3
S23,2024,2,12580.0,Rural,18,324.2,1.78,23.61
S23,2024,3,12580.0,Rural,18,41.1,1.78,19.58
S23,2024,4,12580.0,Rural,18,241.4,1.78,20.84
S23,2024,5,12580.0,Rural,18,17.0,1.78,18.55
S23,2024,6,12580.0,Rural,18,182.0,1.78,23.35
S23,2024,7,12580.0,Rural,18,70.7,1.78,19.07
S23,2024,8,12580.0,Rural,18,370.3,1.78,26.03
S23,2024,9,12580.0,Rural,18,371.8,1.78,25.0
S23,2024,10,12580.0,Rural,18,481.0,1.78,27.02
S23,2024,11,12580.0,Rural,18,,1.78,23.55
S23,2024,12,12580.0,Rural,18,504.5,1.78,28.31
S23,2025,1,12580.0,Rural,18,388.3,1.78,23.22
S23,2025,2,12580.0,Rural,18,31.3,1.78,15.65
S23,2025,3,12580.0,Rural,18,245.5,1.78,19.58
S23,2025,4,12580.0,Rural,18,166.9,,24.69
S23,2025,5,12580.0,Rural,18,61.4,1.78,18.94
S23,2025,6,12580.0,Rural,18,30.0,1.78,20.74
S23,2025,7,12580.0,Rural,18,339.6,1.78,24.73
S23,2025,8,12580.0,Rural,18,203.9,1.78,21.96
S23,2025,9,12580.0,Rural,18,387.8,1.78,23.69
S23,2025,10,12580.0,Rural,18,191.9,1.78,28.99
S23,2025,11,12580.0,Rural,18,114.2,1.78,26.73
S23,2025,12,12580.0,Rural,18,490.1,1.78,29.72
S24,2023,1,4170.0,Rural,7,86.1,0.1,11.03
S24,2023,2,4170.0,Rural,7,151.3,0.1,10.63
S24,2023,3,4170.0,Rural,7,96.7,0.1,10.64
S24,2023,4,4170.0,Rural,7,370.7,0.1,13.65
S24,2023,5,4170.0,Rural,7,277.2,0.1,11.29
S24,2023,6,4170.0,Rural,7,60.2,0.1,8.85
S24,2023,7,4170.0,Rural,7,269.7,0.1,11.87
S24,2023,8,4170.0,Rural,7,28.5,0.1,10.24
S24,2023,9,4170.0,Rural,7,301.5,0.1,13.96
S24,2023,10,4170.0,Rural,7,174.2,0.1,14.11
S24,2023,11,4170.0,Rural,7,270.4,0.1,15.13
S24,2023,12,4170.0,Rural,7,232.1,0.1,13.49
S24,2024,1,4170.0,Rural,7,260.3,0.1,11.68
S24,2024,2,4170.0,Rural,7,354.0,0.1,12.23
S24,2024,3,4170.0,Rural,7,56.7,0.1,9.98
S24,2024,4,4170.0,Rural,7,275.0,0.1,13.62
S24,2024,5,4170.0,Rural,7,114.6,0.1,11.26
S24,2024,6,4170.0,Rural,7,,0.1,12.67
S24,2024,7,4170.0,Rural,7,208.8,0.1,11.93
S24,2024,8,4170.0,Rural,7,12.8,0.1,9.35
S24,2024,9,4170.0,Rural,7,149.5,0.1,13.07
S24,2024,10,4170.0,Rural,7,56.5,0.1,12.1
S24,2024,11,4170.0,Rural,7,129.1,0.1,14.83
S24,2024,12,4170.0,Rural,7,,0.1,13.81
S24,2025,1,4170.0,Rural,7,151.1,0.1,11.01
S24,2025,2,4170.0,Rural,7,237.4,0.1,12.02
S24,2025,3,4170.0,Rural,7,206.1,0.1,12.18
S24,2025,4,4170.0,Rural,7,168.5,0.1,11.37
S24,2025,5,4170.0,Rural,7,313.1,0.1,13.56
S24,2025,6,4170.0,Rural,7,8.9,0.1,8.52
S24,2025,7,4170.0,Rural,7,305.5,0.1,13.0
S24,2025,8,4170.0,Rural,7,315.0,0.1,13.34
S24,2025,9,4170.0,Rural,7,371.7,,15.84
S24,2025,10,4170.0,Rural,7,22.0,0.1,10.06
S24,2025,11,4170.0,Rural,7,284.4,0.1,16.45
S24,2025,12,4170.0,Rural,7,174.9,0.1,14.89
S25,2023,1,2300.0,Rural,5,6.5,3.94,6.32
S25,2023,2,2300.0,Rural,5,337.1,3.94,12.02
S25,2023,3,2300.0,Rural,5,191.9,3.94,12.76
S25,2023,4,2300.0,Rural,5,190.0,3.94,11.5
S25,2023,5,2300.0,Rural,5,378.2,3.94,12.29
S25,2023,6,2300.0,Rural,5,201.6,3.94,10.82
S25,2023,7,2300.0,Rural,5,169.5,3.94,11.04
S25,2023,8,2300.0,Rural,5,201.0,3.94,11.06
S25,2023,9,2300.0,Rural,5,103.5,,10.56
S25,2023,10,2300.0,Rural,5,447.0,3.94,13.47
S25,2023,11,2300.0,Rural,5,145.3,3.94,11.32
S25,2023,12,2300.0,Rural,5,202.7,3.94,12.65
S25,2024,1,2300.0,Rural,5,,3.94,11.11
S25,2024,2,2300.0,Rural,5,120.6,3.94,9.74
S25,2024,3,2300.0,Rural,5,156.7,3.94,11.64
S25,2024,4,2300.0,Rural,5,272.0,3.94,12.8
S25,2024,5,2300.0,Rural,5,269.9,3.94,12.03
S25,2024,6,2300.0,Rural,5,142.1,3.94,11.04
S25,2024,7,2300.0,Rural,5,286.7,3.94,11.01
S25,2024,8,2300.0,Rural,5,,3.94,10.33
S25,2024,9,2300.0,Rural,5,228.8,3.94,12.54
S25,2024,10,2300.0,Rural,5,468.0,3.94,13.8
S25,2024,11,2300.0,Rural,5,20.3,3.94,8.97
S25,2024,12,2300.0,Rural,5,64.4,3.94,12.32
S25,2025,1,2300.0,Rural,5,298.8,3.94,11.25
S25,2025,2,2300.0,Rural,5,322.8,3.94,11.2
S25,2025,3,2300.0,Rural,5,242.6,3.94,11.49
S25,2025,4,2300.0,Rural,5,285.4,3.94,11.08
S25,2025,5,2300.0,Rural,5,136.6,,10.82
S25,2025,6,2300.0,Rural,5,207.7,3.94,11.11
S25,2025,7,2300.0,Rural,5,71.2,3.94,9.62
S25,2025,8,2300.0,Rural,5,5.6,3.94,7.56
S25,2025,9,2300.0,Rural,5,105.8,3.94,10.43
S25,2025,10,2300.0,Rural,5,56.3,3.94,9.53
S25,2025,11,2300.0,Rural,5,142.4,3.94,13.41
S25,2025,12,2300.0,Rural,5,100.3,3.94,11.44
S26,2023,1,3170.0,Urban,8,154.1,0.23,11.37
S26,2023,2,3170.0,Urban,8,131.2,0.23,13.34
S26,2023,3,3170.0,Urban,8,10.1,0.23,9.67
S26,2023,4,3170.0,Urban,8,302.7,0.23,16.31
S26,2023,5,3170.0,Urban,8,371.4,0.23,15.17
S26,2023,6,3170.0,Urban,8,212.7,0.23,13.85
S26,2023,7,3170.0,Urban,8,309.6,0.23,14.79
S26,2023,8,3170.0,Urban,8,337.7,0.23,15.61
S26,2023,9,3170.0,Urban,8,173.7,0.23,14.97
S26,2023,10,3170.0,Urban,8,419.3,0.23,19.45
S26,2023,11,3170.0,Urban,8,483.2,0.23,17.12
S26,2023,12,3170.0,Urban,8,517.0,0.23,17.93
S26,2024,1,3170.0,Urban,8,37.3,0.23,10.12
S26,2024,2,3170.0,Urban,8,13.7,0.23,9.75
S26,2024,3,3170.0,Urban,8,319.7,,16.73
S26,2024,4,3170.0,Urban,8,342.7,0.23,14.76
S26,2024,5,3170.0,Urban,8,110.4,0.23,13.52
S26,2024,6,3170.0,Urban,8,17.0,0.23,10.94
S26,2024,7,3170.0,Urban,8,,0.23,13.1
S26,2024,8,3170.0,Urban,8,170.0,0.23,14.46
S26,2024,9,3170.0,Urban,8,108.1,0.23,14.02
S26,2024,10,3170.0,Urban,8,221.5,0.23,18.17
S26,2024,11,3170.0,Urban,8,261.3,,17.61
S26,2024,12,3170.0,Urban,8,133.8,0.23,15.54
S26,2025,1,3170.0,Urban,8,60.7,0.23,12.78
S26,2025,2,3170.0,Urban,8,226.3,0.23,14.4
S26,2025,3,3170.0,Urban,8,,0.23,15.55
S26,2025,4,3170.0,Urban,8,387.9,,15.25
S26,2025,5,3170.0,Urban,8,387.0,0.23,14.56
S26,2025,6,3170.0,Urban,8,56.8,0.23,11.96
S26,2025,7,3170.0,Urban,8,68.0,0.23,12.08
S26,2025,8,3170.0,Urban,8,,,14.91
S26,2025,9,3170.0,Urban,8,371.8,0.23,18.64
S26,2025,10,3170.0,Urban,8,293.2,0.23,17.31
S26,2025,11,3170.0,Urban,8,30.6,0.23,12.95
S26,2025,12,3170.0,Urban,8,424.3,0.23,17.17
S27,2023,1,11390.0,Semi-Urban,15,204.9,8.27,24.29
S27,2023,2,11390.0,Semi-Urban,15,265.2,8.27,24.03
S27,2023,3,11390.0,Semi-Urban,15,374.8,8.27,27.69
S27,2023,4,11390.0,Semi-Urban,15,74.4,8.27,24.88
S27,2023,5,11390.0,Semi-Urban,15,235.1,,27.27
S27,2023,6,11390.0,Semi-Urban,15,177.1,8.27,24.64
S27,2023,7,11390.0,Semi-Urban,15,41.7,8.27,23.96
S27,2023,8,11390.0,Semi-Urban,15,193.0,8.27,27.35
S27,2023,9,11390.0,Semi-Urban,15,35.1,8.27,27.88
S27,2023,10,11390.0,Semi-Urban,15,483.4,,30.98
S27,2023,11,11390.0,Semi-Urban,15,163.7,8.27,30.18
S27,2023,12,11390.0,Semi-Urban,15,235.3,8.27,29.42
S27,2024,1,11390.0,Semi-Urban,15,76.0,8.27,22.93
S27,2024,2,11390.0,Semi-Urban,15,101.3,,24.21
S27,2024,3,11390.0,Semi-Urban,15,26.9,8.27,23.67
S27,2024,4,11390.0,Semi-Urban,15,261.5,8.27,30.33
S27,2024,5,11390.0,Semi-Urban,15,262.2,8.27,23.43
S27,2024,6,11390.0,Semi-Urban,15,379.9,8.27,23.74
S27,2024,7,11390.0,Semi-Urban,15,350.5,,25.71
S27,2024,8,11390.0,Semi-Urban,15,128.1,8.27,28.62
S27,2024,9,11390.0,Semi-Urban,15,214.9,8.27,28.58
S27,2024,10,11390.0,Semi-Urban,15,31.5,8.27,25.54
S27,2024,11,11390.0,Semi-Urban,15,132.4,8.27,31.57
S27,2024,12,11390.0,Semi-Urban,15,102.4,,27.76
S27,2025,1,11390.0,Semi-Urban,15,250.8,8.27,24.38
S27,2025,2,11390.0,Semi-Urban,15,138.2,8.27,23.38
S27,2025,3,11390.0,Semi-Urban,15,308.7,8.27,27.27
S27,2025,4,11390.0,Semi-Urban,15,235.0,8.27,28.48
S27,2025,5,11390.0,Semi-Urban,15,208.8,8.27,25.3
S27,2025,6,11390.0,Semi-Urban,15,317.5,8.27,27.31
S27,2025,7,11390.0,Semi-Urban,15,171.6,8.27,26.03
S27,2025,8,11390.0,Semi-Urban,15,394.7,8.27,29.48
S27,2025,9,11390.0,Semi-Urban,15,37.1,8.27,22.69
S27,2025,10,11390.0,Semi-Urban,15,65.8,8.27,28.53
S27,2025,11,11390.0,Semi-Urban,15,,8.27,31.57
S27,2025,12,11390.0,Semi-Urban,15,452.1,8.27,30.91
S28,2023,1,8000.0,Urban,12,245.0,0.16,21.1
S28,2023,2,8000.0,Urban,12,337.0,0.16,20.41
S28,2023,3,8000.0,Urban,12,14.6,0.16,18.4
S28,2023,4,8000.0,Urban,12,86.5,0.16,23.37
S28,2023,5,8000.0,Urban,12,259.4,0.16,23.11
S28,2023,6,8000.0,Urban,12,75.2,0.16,18.23
S28,2023,7,8000.0,Urban,12,281.5,0.16,20.66
S28,2023,8,8000.0,Urban,12,37.4,0.16,19.12
S28,2023,9,8000.0,Urban,12,305.7,0.16,22.54
S28,2023,10,8000.0,Urban,12,152.0,0.16,27.75
S28,2023,11,8000.0,Urban,12,368.3,,26.08
S28,2023,12,8000.0,Urban,12,160.0,0.16,25.38
S28,2024,1,8000.0,Urban,12,15.8,0.16,15.23
S28,2024,2,8000.0,Urban,12,17.3,0.16,17.2
S28,2024,3,8000.0,Urban,12,291.8,0.16,21.64
S28,2024,4,8000.0,Urban,12,302.6,0.16,24.06
S28,2024,5,8000.0,Urban,12,194.4,0.16,23.32
S28,2024,6,8000.0,Urban,12,129.9,0.16,21.32
S28,2024,7,8000.0,Urban,12,172.5,0.16,22.43
S28,2024,8,8000.0,Urban,12,359.2,0.16,19.98
S28,2024,9,8000.0,Urban,12,31.5,0.16,19.67
S28,2024,10,8000.0,Urban,12,94.0,0.16,25.29
S28,2024,11,8000.0,Urban,12,149.5,0.16,27.65
S28,2024,12,8000.0,Urban,12,397.3,0.16,23.29
S28,2025,1,8000.0,Urban,12,367.7,0.16,22.0
S28,2025,2,8000.0,Urban,12,26.8,0.16,18.3
S28,2025,3,8000.0,Urban,12,32.1,0.16,19.11
S28,2025,4,8000.0,Urban,12,394.4,0.16,21.59
S28,2025,5,8000.0,Urban,12,79.2,0.16,19.41
S28,2025,6,8000.0,Urban,12,199.2,0.16,23.4
S28,2025,7,8000.0,Urban,12,150.7,0.16,22.16
S28,2025,8,8000.0,Urban,12,55.4,0.16,20.33
S28,2025,9,8000.0,Urban,12,275.9,0.16,24.68
S28,2025,10,8000.0,Urban,12,192.2,0.16,27.95
S28,2025,11,8000.0,Urban,12,36.0,,23.94
S28,2025,12,8000.0,Urban,12,36.0,,22.95
S29,2023,1,4100.0,Urban,8,115.2,1.03,14.9
S29,2023,2,4100.0,Urban,8,26.6,1.03,13.77
S29,2023,3,4100.0,Urban,8,334.2,1.03,16.49
S29,2023,4,4100.0,Urban,8,9.5,1.03,11.62
S29,2023,5,4100.0,Urban,8,341.5,1.03,13.92
S29,2023,6,4100.0,Urban,8,219.3,1.03,16.29
S29,2023,7,4100.0,Urban,8,318.2,1.03,17.98
S29,2023,8,4100.0,Urban,8,200.3,1.03,17.53
S29,2023,9,4100.0,Urban,8,60.1,1.03,14.95
S29,2023,10,4100.0,Urban,8,26.9,1.03,16.22
S29,2023,11,4100.0,Urban,8,460.9,1.03,21.66
S29,2023,12,4100.0,Urban,8,356.3,1.03,18.78
S29,2024,1,4100.0,Urban,8,167.4,,16.61
S29,2024,2,4100.0,Urban,8,208.6,1.03,15.75
S29,2024,3,4100.0,Urban,8,,1.03,16.46
S29,2024,4,4100.0,Urban,8,100.3,,12.72
S29,2024,5,4100.0,Urban,8,60.0,1.03,11.75
S29,2024,6,4100.0,Urban,8,240.8,1.03,16.25
S29,2024,7,4100.0,Urban,8,277.5,1.03,15.09
S29,2024,8,4100.0,Urban,8,,1.03,14.95
S29,2024,9,4100.0,Urban,8,3.4,1.03,11.69
S29,2024,10,4100.0,Urban,8,396.4,,23.6
S29,2024,11,4100.0,Urban,8,23.3,1.03,16.29
S29,2024,12,4100.0,Urban,8,,1.03,15.97
S29,2025,1,4100.0,Urban,8,,1.03,13.63
S29,2025,2,4100.0,Urban,8,4.4,1.03,11.57
S29,2025,3,4100.0,Urban,8,396.5,1.03,16.97
S29,2025,4,4100.0,Urban,8,75.8,1.03,15.55
S29,2025,5,4100.0,Urban,8,222.1,1.03,16.75
S29,2025,6,4100.0,Urban,8,316.9,1.03,16.4
S29,2025,7,4100.0,Urban,8,357.0,1.03,15.06
S29,2025,8,4100.0,Urban,8,98.9,1.03,14.94
S29,2025,9,4100.0,Urban,8,119.0,1.03,16.79
S29,2025,10,4100.0,Urban,8,484.6,1.03,22.29
S29,2025,11,4100.0,Urban,8,,,20.64
S29,2025,12,4100.0,Urban,8,279.5,,21.67
S30,2023,1,8510.0,Semi-Urban,13,42.9,4.07,19.46
S30,2023,2,8510.0,Semi-Urban,13,,4.07,20.52
S30,2023,3,8510.0,Semi-Urban,13,372.6,4.07,22.26
S30,2023,4,8510.0,Semi-Urban,13,79.2,4.07,20.8
S30,2023,5,8510.0,Semi-Urban,13,38.8,4.07,18.87
S30,2023,6,8510.0,Semi-Urban,13,290.3,4.07,23.55
S30,2023,7,8510.0,Semi-Urban,13,276.7,4.07,22.38
S30,2023,8,8510.0,Semi-Urban,13,302.9,4.07,23.23
S30,2023,9,8510.0,Semi-Urban,13,287.3,4.07,22.03
S30,2023,10,8510.0,Semi-Urban,13,167.7,4.07,27.76
S30,2023,11,8510.0,Semi-Urban,13,497.6,4.07,26.47
S30,2023,12,8510.0,Semi-Urban,13,345.5,4.07,28.42
S30,2024,1,8510.0,Semi-Urban,13,302.4,4.07,19.17
S30,2024,2,8510.0,Semi-Urban,13,64.2,4.07,17.36
S30,2024,3,8510.0,Semi-Urban,13,215.8,4.07,21.87
S30,2024,4,8510.0,Semi-Urban,13,228.6,4.07,22.59
S30,2024,5,8510.0,Semi-Urban,13,161.7,4.07,21.22
S30,2024,6,8510.0,Semi-Urban,13,234.1,4.07,21.94
S30,2024,7,8510.0,Semi-Urban,13,288.1,4.07,22.76
S30,2024,8,8510.0,Semi-Urban,13,316.1,4.07,22.44
S30,2024,9,8510.0,Semi-Urban,13,40.5,4.07,20.68
S30,2024,10,8510.0,Semi-Urban,13,274.2,4.07,23.77
S30,2024,11,8510.0,Semi-Urban,13,353.1,,27.46
S30,2024,12,8510.0,Semi-Urban,13,308.0,4.07,23.77
S30,2025,1,8510.0,Semi-Urban,13,293.6,4.07,23.14
S30,2025,2,8510.0,Semi-Urban,13,237.4,4.07,20.89
S30,2025,3,8510.0,Semi-Urban,13,135.4,4.07,22.95
S30,2025,4,8510.0,Semi-Urban,13,345.6,,21.12
S30,2025,5,8510.0,Semi-Urban,13,207.9,4.07,24.67
S30,2025,6,8510.0,Semi-Urban,13,20.2,4.07,18.47
S30,2025,7,8510.0,Semi-Urban,13,77.2,4.07,22.35
S30,2025,8,8510.0,Semi-Urban,13,377.7,4.07,23.83
S30,2025,9,8510.0,Semi-Urban,13,93.9,4.07,19.94
S30,2025,10,8510.0,Semi-Urban,13,175.9,4.07,25.15
S30,2025,11,8510.0,Semi-Urban,13,,4.07,27.59
S30,2025,12,8510.0,Semi-Urban,13,417.4,4.07,25.22
S31,2023,1,3980.0,Semi-Urban,10,160.9,,17.76
S31,2023,2,3980.0,Semi-Urban,10,369.3,11.48,18.48
S31,2023,3,3980.0,Semi-Urban,10,208.9,11.48,17.66
S31,2023,4,3980.0,Semi-Urban,10,84.7,11.48,17.58
S31,2023,5,3980.0,Semi-Urban,10,199.4,11.48,17.88
S31,2023,6,3980.0,Semi-Urban,10,273.2,11.48,19.5
S31,2023,7,3980.0,Semi-Urban,10,331.7,11.48,17.9
S31,2023,8,3980.0,Semi-Urban,10,21.3,11.48,15.06
S31,2023,9,3980.0,Semi-Urban,10,374.8,11.48,19.68
S31,2023,10,3980.0,Semi-Urban,10,,11.48,24.35
S31,2023,11,3980.0,Semi-Urban,10,218.3,11.48,20.45
S31,2023,12,3980.0,Semi-Urban,10,50.3,11.48,16.28
S31,2024,1,3980.0,Semi-Urban,10,334.7,11.48,17.75
S31,2024,2,3980.0,Semi-Urban,10,90.7,11.48,15.22
S31,2024,3,3980.0,Semi-Urban,10,86.1,11.48,16.34
S31,2024,4,3980.0,Semi-Urban,10,225.3,11.48,19.65
S31,2024,5,3980.0,Semi-Urban,10,250.5,,18.18
S31,2024,6,3980.0,Semi-Urban,10,60.4,11.48,15.88
S31,2024,7,3980.0,Semi-Urban,10,361.0,11.48,17.56
S31,2024,8,3980.0,Semi-Urban,10,252.5,11.48,16.77
S31,2024,9,3980.0,Semi-Urban,10,255.7,11.48,20.59
S31,2024,10,3980.0,Semi-Urban,10,8.6,11.48,18.31
S31,2024,11,3980.0,Semi-Urban,10,304.5,11.48,23.93
S31,2024,12,3980.0,Semi-Urban,10,196.2,11.48,20.75
S31,2025,1,3980.0,Semi-Urban,10,203.9,11.48,17.33
S31,2025,2,3980.0,Semi-Urban,10,174.8,11.48,18.72
S31,2025,3,3980.0,Semi-Urban,10,99.9,11.48,17.36
S31,2025,4,3980.0,Semi-Urban,10,150.1,11.48,18.94
S31,2025,5,3980.0,Semi-Urban,10,69.2,11.48,16.73
S31,2025,6,3980.0,Semi-Urban,10,117.6,11.48,18.08
S31,2025,7,3980.0,Semi-Urban,10,199.7,11.48,17.61
S31,2025,8,3980.0,Semi-Urban,10,380.0,11.48,18.95
S31,2025,9,3980.0,Semi-Urban,10,277.1,11.48,20.47
S31,2025,10,3980.0,Semi-Urban,10,136.4,11.48,22.33
S31,2025,11,3980.0,Semi-Urban,10,,11.48,18.79
S31,2025,12,3980.0,Semi-Urban,10,352.7,11.48,23.87
S32,2023,1,11050.0,Rural,16,206.6,2.61,22.08
S32,2023,2,11050.0,Rural,16,158.4,2.61,20.15
S32,2023,3,11050.0,Rural,16,40.0,2.61,19.77
S32,2023,4,11050.0,Rural,16,398.2,2.61,23.8
S32,2023,5,11050.0,Rural,16,223.0,2.61,22.46
S32,2023,6,11050.0,Rural,16,330.7,2.61,23.52
S32,2023,7,11050.0,Rural,16,248.0,2.61,21.65
S32,2023,8,11050.0,Rural,16,343.6,2.61,23.2
S32,2023,9,11050.0,Rural,16,334.5,2.61,26.93
S32,2023,10,11050.0,Rural,16,101.2,2.61,24.97
S32,2023,11,11050.0,Rural,16,231.5,2.61,29.84
S32,2023,12,11050.0,Rural,16,86.3,2.61,25.02
S32,2024,1,11050.0,Rural,16,160.9,2.61,20.79
S32,2024,2,11050.0,Rural,16,357.3,,21.9
S32,2024,3,11050.0,Rural,16,,2.61,18.82
S32,2024,4,11050.0,Rural,16,365.3,2.61,21.27
S32,2024,5,11050.0,Rural,16,162.7,,22.67
S32,2024,6,11050.0,Rural,16,380.3,2.61,23.45
S32,2024,7,11050.0,Rural,16,,2.61,23.08
S32,2024,8,11050.0,Rural,16,301.4,2.61,22.68
S32,2024,9,11050.0,Rural,16,57.7,2.61,23.22
S32,2024,10,11050.0,Rural,16,120.9,2.61,26.3
S32,2024,11,11050.0,Rural,16,182.6,2.61,27.31
S32,2024,12,11050.0,Rural,16,426.0,2.61,23.2
S32,2025,1,11050.0,Rural,16,309.2,2.61,21.03
S32,2025,2,11050.0,Rural,16,197.7,2.61,22.4
S32,2025,3,11050.0,Rural,16,344.4,2.61,25.61
S32,2025,4,11050.0,Rural,16,360.9,2.61,23.61
S32,2025,5,11050.0,Rural,16,383.8,2.61,25.46
S32,2025,6,11050.0,Rural,16,372.7,2.61,21.58
S32,2025,7,11050.0,Rural,16,169.0,2.61,21.81
S32,2025,8,11050.0,Rural,16,137.0,2.61,22.54
S32,2025,9,11050.0,Rural,16,96.5,2.61,22.61
S32,2025,10,11050.0,Rural,16,258.2,2.61,27.61
S32,2025,11,11050.0,Rural,16,327.7,2.61,29.27
S32,2025,12,11050.0,Rural,16,222.9,2.61,24.17
S33,2023,1,7800.0,Urban,12,83.7,2.6,21.73
S33,2023,2,7800.0,Urban,12,79.4,2.6,21.59
S33,2023,3,7800.0,Urban,12,304.0,2.6,24.88
S33,2023,4,7800.0,Urban,12,,2.6,25.98
S33,2023,5,7800.0,Urban,12,352.6,2.6,26.08
S33,2023,6,7800.0,Urban,12,319.5,2.6,24.59
S33,2023,7,7800.0,Urban,12,338.5,2.6,26.29
S33,2023,8,7800.0,Urban,12,168.1,2.6,24.36
S33,2023,9,7800.0,Urban,12,297.8,2.6,23.84
S33,2023,10,7800.0,Urban,12,482.0,2.6,29.71
S33,2023,11,7800.0,Urban,12,294.0,2.6,31.54
S33,2023,12,7800.0,Urban,12,117.4,2.6,27.42
S33,2024,1,7800.0,Urban,12,,2.6,21.64
S33,2024,2,7800.0,Urban,12,98.4,2.6,19.72
S33,2024,3,7800.0,Urban,12,322.3,2.6,24.16
S33,2024,4,7800.0,Urban,12,28.0,2.6,18.43
S33,2024,5,7800.0,Urban,12,186.9,2.6,24.25
S33,2024,6,7800.0,Urban,12,178.9,2.6,22.25
S33,2024,7,7800.0,Urban,12,188.8,2.6,21.5
S33,2024,8,7800.0,Urban,12,200.4,2.6,25.04
S33,2024,9,7800.0,Urban,12,327.1,2.6,27.7
S33,2024,10,7800.0,Urban,12,177.5,,26.56
S33,2024,11,7800.0,Urban,12,443.9,2.6,30.53
S33,2024,12,7800.0,Urban,12,,,27.04
S33,2025,1,7800.0,Urban,12,295.7,2.6,24.37
S33,2025,2,7800.0,Urban,12,268.6,2.6,22.7
S33,2025,3,7800.0,Urban,12,204.5,2.6,22.35
S33,2025,4,7800.0,Urban,12,152.5,2.6,23.16
S33,2025,5,7800.0,Urban,12,394.8,2.6,25.89
S33,2025,6,7800.0,Urban,12,12.9,2.6,18.56
S33,2025,7,7800.0,Urban,12,348.3,,22.48
S33,2025,8,7800.0,Urban,12,213.1,2.6,23.7
S33,2025,9,7800.0,Urban,12,324.9,2.6,23.74
S33,2025,10,7800.0,Urban,12,243.6,2.6,28.13
S33,2025,11,7800.0,Urban,12,119.6,2.6,26.73
S33,2025,12,7800.0,Urban,12,334.3,2.6,31.36
S34,2023,1,6950.0,Urban,10,98.9,1.15,15.99
S34,2023,2,6950.0,Urban,10,344.2,1.15,19.57
S34,2023,3,6950.0,Urban,10,201.3,1.15,20.38
S34,2023,4,6950.0,Urban,10,4.9,1.15,15.53
S34,2023,5,6950.0,Urban,10,204.9,1.15,21.3
S34,2023,6,6950.0,Urban,10,142.1,1.15,18.97
S34,2023,7,6950.0,Urban,10,67.2,1.15,16.34
S34,2023,8,6950.0,Urban,10,,1.15,21.97
S34,2023,9,6950.0,Urban,10,157.4,1.15,20.9
S34,2023,10,6950.0,Urban,10,1.4,1.15,18.48
S34,2023,11,6950.0,Urban,10,288.6,1.15,28.77
S34,2023,12,6950.0,Urban,10,141.5,1.15,23.51
S34,2024,1,6950.0,Urban,10,72.6,1.15,17.83
S34,2024,2,6950.0,Urban,10,282.7,1.15,21.0
S34,2024,3,6950.0,Urban,10,37.2,1.15,18.33
S34,2024,4,6950.0,Urban,10,70.0,1.15,18.64
S34,2024,5,6950.0,Urban,10,144.2,1.15,19.2
S34,2024,6,6950.0,Urban,10,82.5,1.15,18.81
S34,2024,7,6950.0,Urban,10,198.8,,19.76
S34,2024,8,6950.0,Urban,10,90.1,1.15,17.19
S34,2024,9,6950.0,Urban,10,335.0,1.15,21.14
S34,2024,10,6950.0,Urban,10,458.7,1.15,25.53
S34,2024,11,6950.0,Urban,10,452.2,1.15,28.52
S34,2024,12,6950.0,Urban,10,350.6,1.15,24.77
S34,2025,1,6950.0,Urban,10,261.1,1.15,18.82
S34,2025,2,6950.0,Urban,10,40.2,1.15,15.75
S34,2025,3,6950.0,Urban,10,29.0,1.15,18.77
S34,2025,4,6950.0,Urban,10,178.1,,20.67
S34,2025,5,6950.0,Urban,10,336.4,1.15,17.77
S34,2025,6,6950.0,Urban,10,64.7,1.15,18.06
S34,2025,7,6950.0,Urban,10,355.0,1.15,21.73
S34,2025,8,6950.0,Urban,10,301.6,1.15,20.28
S34,2025,9,6950.0,Urban,10,259.4,,22.3
S34,2025,10,6950.0,Urban,10,135.1,1.15,24.19
S34,2025,11,6950.0,Urban,10,60.8,,21.24
S34,2025,12,6950.0,Urban,10,331.7,1.15,26.39
S35,2023,1,5920.0,Semi-Urban,8,86.7,6.92,15.88
S35,2023,2,5920.0,Semi-Urban,8,274.7,6.92,17.82
S35,2023,3,5920.0,Semi-Urban,8,374.0,6.92,19.53
S35,2023,4,5920.0,Semi-Urban,8,334.3,6.92,18.14
S35,2023,5,5920.0,Semi-Urban,8,295.9,6.92,17.6
S35,2023,6,5920.0,Semi-Urban,8,338.6,6.92,18.52
S35,2023,7,5920.0,Semi-Urban,8,250.7,6.92,17.85
S35,2023,8,5920.0,Semi-Urban,8,271.8,6.92,19.1
S35,2023,9,5920.0,Semi-Urban,8,399.3,6.92,22.08
S35,2023,10,5920.0,Semi-Urban,8,31.9,6.92,18.87
S35,2023,11,5920.0,Semi-Urban,8,61.9,6.92,17.89
S35,2023,12,5920.0,Semi-Urban,8,171.0,6.92,22.22
S35,2024,1,5920.0,Semi-Urban,8,73.5,6.92,14.97
S35,2024,2,5920.0,Semi-Urban,8,,6.92,14.57
S35,2024,3,5920.0,Semi-Urban,8,16.0,6.92,14.4
S35,2024,4,5920.0,Semi-Urban,8,223.5,6.92,19.19
S35,2024,5,5920.0,Semi-Urban,8,238.7,6.92,17.44
S35,2024,6,5920.0,Semi-Urban,8,369.3,6.92,19.51
S35,2024,7,5920.0,Semi-Urban,8,271.7,,19.37
S35,2024,8,5920.0,Semi-Urban,8,382.3,6.92,17.83
S35,2024,9,5920.0,Semi-Urban,8,295.6,6.92,21.14
S35,2024,10,5920.0,Semi-Urban,8,114.4,6.92,20.0
S35,2024,11,5920.0,Semi-Urban,8,382.9,6.92,26.63
S35,2024,12,5920.0,Semi-Urban,8,234.6,6.92,22.43
S35,2025,1,5920.0,Semi-Urban,8,330.6,6.92,18.67
S35,2025,2,5920.0,Semi-Urban,8,257.3,6.92,17.96
S35,2025,3,5920.0,Semi-Urban,8,108.2,,20.34
S35,2025,4,5920.0,Semi-Urban,8,18.3,6.92,14.43
S35,2025,5,5920.0,Semi-Urban,8,173.2,6.92,17.1
S35,2025,6,5920.0,Semi-Urban,8,98.1,6.92,16.16
S35,2025,7,5920.0,Semi-Urban,8,235.1,6.92,19.36
S35,2025,8,5920.0,Semi-Urban,8,,6.92,15.24
S35,2025,9,5920.0,Semi-Urban,8,150.6,6.92,18.77
S35,2025,10,5920.0,Semi-Urban,8,224.3,6.92,21.9
S35,2025,11,5920.0,Semi-Urban,8,166.8,6.92,22.42
S35,2025,12,5920.0,Semi-Urban,8,488.6,6.92,21.59
S36,2023,1,10190.0,Urban,14,172.7,0.54,23.66
S36,2023,2,10190.0,Urban,14,165.8,0.54,22.8
S36,2023,3,10190.0,Urban,14,127.1,0.54,23.16
S36,2023,4,10190.0,Urban,14,165.9,0.54,26.08
S36,2023,5,10190.0,Urban,14,164.2,0.54,22.71
S36,2023,6,10190.0,Urban,14,372.3,,25.22
S36,2023,7,10190.0,Urban,14,,0.54,21.33
S36,2023,8,10190.0,Urban,14,8.1,,18.98
S36,2023,9,10190.0,Urban,14,86.7,0.54,23.46
S36,2023,10,10190.0,Urban,14,208.7,0.54,28.64
S36,2023,11,10190.0,Urban,14,0.5,0.54,24.01
S36,2023,12,10190.0,Urban,14,48.7,0.54,26.07
S36,2024,1,10190.0,Urban,14,131.6,0.54,23.35
S36,2024,2,10190.0,Urban,14,88.7,0.54,22.32
S36,2024,3,10190.0,Urban,14,376.5,,24.24
S36,2024,4,10190.0,Urban,14,50.7,0.54,22.15
S36,2024,5,10190.0,Urban,14,392.5,0.54,28.28
S36,2024,6,10190.0,Urban,14,244.1,0.54,28.25
S36,2024,7,10190.0,Urban,14,35.4,,21.91
S36,2024,8,10190.0,Urban,14,81.6,0.54,21.78
S36,2024,9,10190.0,Urban,14,168.0,0.54,25.24
S36,2024,10,10190.0,Urban,14,484.2,,31.09
S36,2024,11,10190.0,Urban,14,518.5,0.54,31.88
S36,2024,12,10190.0,Urban,14,337.4,0.54,30.73
S36,2025,1,10190.0,Urban,14,23.0,0.54,20.47
S36,2025,2,10190.0,Urban,14,227.1,0.54,22.22
S36,2025,3,10190.0,Urban,14,59.7,0.54,21.73
S36,2025,4,10190.0,Urban,14,269.4,0.54,26.97
S36,2025,5,10190.0,Urban,14,62.0,0.54,24.09
S36,2025,6,10190.0,Urban,14,341.8,0.54,25.35
S36,2025,7,10190.0,Urban,14,283.5,0.54,26.56
S36,2025,8,10190.0,Urban,14,3.0,0.54,20.61
S36,2025,9,10190.0,Urban,14,269.7,,24.84
S36,2025,10,10190.0,Urban,14,306.7,0.54,31.41
S36,2025,11,10190.0,Urban,14,305.8,0.54,37.02
S36,2025,12,10190.0,Urban,14,362.6,0.54,26.73
S37,2023,1,6700.0,Urban,11,83.1,0.5,19.06
S37,2023,2,6700.0,Urban,11,352.8,0.5,21.1
S37,2023,3,6700.0,Urban,11,,0.5,19.92
S37,2023,4,6700.0,Urban,11,34.4,0.5,15.46
S37,2023,5,6700.0,Urban,11,4.5,0.5,13.7
S37,2023,6,6700.0,Urban,11,89.0,0.5,17.95
S37,2023,7,6700.0,Urban,11,67.5,0.5,18.04
S37,2023,8,6700.0,Urban,11,167.3,0.5,21.61
S37,2023,9,6700.0,Urban,11,319.3,0.5,23.77
S37,2023,10,6700.0,Urban,11,455.2,0.5,26.3
S37,2023,11,6700.0,Urban,11,403.9,0.5,26.84
S37,2023,12,6700.0,Urban,11,475.0,,24.05
S37,2024,1,6700.0,Urban,11,134.6,0.5,18.9
S37,2024,2,6700.0,Urban,11,4.7,0.5,14.59
S37,2024,3,6700.0,Urban,11,387.9,0.5,20.2
S37,2024,4,6700.0,Urban,11,236.9,0.5,21.28
S37,2024,5,6700.0,Urban,11,217.2,0.5,21.61
S37,2024,6,6700.0,Urban,11,113.4,0.5,17.46
S37,2024,7,6700.0,Urban,11,73.3,0.5,17.21
S37,2024,8,6700.0,Urban,11,260.3,0.5,21.38
S37,2024,9,6700.0,Urban,11,372.2,0.5,22.43
S37,2024,10,6700.0,Urban,11,426.2,0.5,26.62
S37,2024,11,6700.0,Urban,11,369.2,0.5,29.53
S37,2024,12,6700.0,Urban,11,455.1,0.5,21.23
S37,2025,1,6700.0,Urban,11,111.3,0.5,20.15
S37,2025,2,6700.0,Urban,11,242.5,0.5,22.13
S37,2025,3,6700.0,Urban,11,96.5,0.5,20.35
S37,2025,4,6700.0,Urban,11,219.6,0.5,21.33
S37,2025,5,6700.0,Urban,11,244.2,0.5,20.0
S37,2025,6,6700.0,Urban,11,328.8,,22.11
S37,2025,7,6700.0,Urban,11,219.6,0.5,20.33
S37,2025,8,6700.0,Urban,11,189.2,0.5,20.38
S37,2025,9,6700.0,Urban,11,84.0,0.5,20.59
S37,2025,10,6700.0,Urban,11,51.0,0.5,22.64
S37,2025,11,6700.0,Urban,11,308.9,0.5,21.98
S37,2025,12,6700.0,Urban,11,387.8,0.5,26.48
S38,2023,1,3140.0,Semi-Urban,10,309.8,1.01,13.41
S38,2023,2,3140.0,Semi-Urban,10,44.3,,11.72
S38,2023,3,3140.0,Semi-Urban,10,300.3,1.01,14.96
S38,2023,4,3140.0,Semi-Urban,10,355.7,1.01,15.62
S38,2023,5,3140.0,Semi-Urban,10,279.3,,15.21
S38,2023,6,3140.0,Semi-Urban,10,283.6,1.01,15.73
S38,2023,7,3140.0,Semi-Urban,10,36.6,1.01,11.24
S38,2023,8,3140.0,Semi-Urban,10,93.9,1.01,12.73
S38,2023,9,3140.0,Semi-Urban,10,296.9,1.01,13.67
S38,2023,10,3140.0,Semi-Urban,10,296.8,1.01,18.52
S38,2023,11,3140.0,Semi-Urban,10,73.5,1.01,15.39
S38,2023,12,3140.0,Semi-Urban,10,447.0,1.01,16.11
S38,2024,1,3140.0,Semi-Urban,10,,1.01,13.14
S38,2024,2,3140.0,Semi-Urban,10,25.8,1.01,10.26
S38,2024,3,3140.0,Semi-Urban,10,92.0,1.01,14.04
S38,2024,4,3140.0,Semi-Urban,10,282.4,1.01,16.99
S38,2024,5,3140.0,Semi-Urban,10,2.0,1.01,10.24
S38,2024,6,3140.0,Semi-Urban,10,254.2,1.01,14.52
S38,2024,7,3140.0,Semi-Urban,10,369.7,1.01,14.77
S38,2024,8,3140.0,Semi-Urban,10,179.0,1.01,13.69
S38,2024,9,3140.0,Semi-Urban,10,257.0,1.01,14.9
S38,2024,10,3140.0,Semi-Urban,10,129.3,1.01,16.06
S38,2024,11,3140.0,Semi-Urban,10,50.7,,14.23
S38,2024,12,3140.0,Semi-Urban,10,407.1,1.01,16.0
S38,2025,1,3140.0,Semi-Urban,10,198.2,1.01,14.55
S38,2025,2,3140.0,Semi-Urban,10,60.7,1.01,12.47
S38,2025,3,3140.0,Semi-Urban,10,108.0,1.01,14.39
S38,2025,4,3140.0,Semi-Urban,10,176.8,1.01,15.75
S38,2025,5,3140.0,Semi-Urban,10,353.1,1.01,17.26
S38,2025,6,3140.0,Semi-Urban,10,,1.01,13.29
S38,2025,7,3140.0,Semi-Urban,10,72.8,,13.49
S38,2025,8,3140.0,Semi-Urban,10,179.4,1.01,14.09
S38,2025,9,3140.0,Semi-Urban,10,385.6,1.01,16.6
S38,2025,10,3140.0,Semi-Urban,10,376.3,1.01,16.54
S38,2025,11,3140.0,Semi-Urban,10,471.5,1.01,18.5
S38,2025,12,3140.0,Semi-Urban,10,317.7,1.01,18.22
S39,2023,1,3530.0,Urban,8,106.9,1.57,15.85
S39,2023,2,3530.0,Urban,8,45.6,1.57,13.51
S39,2023,3,3530.0,Urban,8,312.4,1.57,18.86
S39,2023,4,3530.0,Urban,8,126.5,1.57,16.33
S39,2023,5,3530.0,Urban,8,181.4,1.57,18.5
S39,2023,6,3530.0,Urban,8,367.6,1.57,16.09
S39,2023,7,3530.0,Urban,8,385.8,1.57,19.62
S39,2023,8,3530.0,Urban,8,19.0,,12.93
S39,2023,9,3530.0,Urban,8,156.1,,17.94
S39,2023,10,3530.0,Urban,8,495.7,1.57,20.71
S39,2023,11,3530.0,Urban,8,498.9,1.57,23.69
S39,2023,12,3530.0,Urban,8,333.3,1.57,21.78
S39,2024,1,3530.0,Urban,8,132.6,1.57,15.99
S39,2024,2,3530.0,Urban,8,74.7,1.57,15.15
S39,2024,3,3530.0,Urban,8,120.7,1.57,16.69
S39,2024,4,3530.0,Urban,8,284.5,1.57,18.51
S39,2024,5,3530.0,Urban,8,180.5,1.57,17.26
S39,2024,6,3530.0,Urban,8,63.8,1.57,14.42
S39,2024,7,3530.0,Urban,8,108.2,1.57,15.35
S39,2024,8,3530.0,Urban,8,64.9,1.57,15.83
S39,2024,9,3530.0,Urban,8,132.5,1.57,19.02
S39,2024,10,3530.0,Urban,8,99.0,1.57,18.17
S39,2024,11,3530.0,Urban,8,281.7,1.57,22.56
S39,2024,12,3530.0,Urban,8,358.2,1.57,19.7
S39,2025,1,3530.0,Urban,8,170.7,,15.74
S39,2025,2,3530.0,Urban,8,39.3,,13.31
S39,2025,3,3530.0,Urban,8,288.5,1.57,18.84
S39,2025,4,3530.0,Urban,8,337.2,1.57,19.01
S39,2025,5,3530.0,Urban,8,310.8,1.57,18.35
S39,2025,6,3530.0,Urban,8,121.3,1.57,16.72
S39,2025,7,3530.0,Urban,8,398.4,1.57,17.11
S39,2025,8,3530.0,Urban,8,330.8,,19.03
S39,2025,9,3530.0,Urban,8,294.0,1.57,20.09
S39,2025,10,3530.0,Urban,8,,1.57,21.33
S39,2025,11,3530.0,Urban,8,0.4,,13.79
S39,2025,12,3530.0,Urban,8,184.0,1.57,21.17
S40,2023,1,14500.0,Semi-Urban,21,74.5,2.6,26.41
S40,2023,2,14500.0,Semi-Urban,21,28.1,2.6,26.51
S40,2023,3,14500.0,Semi-Urban,21,366.4,2.6,35.43
S40,2023,4,14500.0,Semi-Urban,21,392.9,2.6,32.14
S40,2023,5,14500.0,Semi-Urban,21,57.0,2.6,31.33
S40,2023,6,14500.0,Semi-Urban,21,240.3,2.6,31.07
S40,2023,7,14500.0,Semi-Urban,21,,2.6,26.74
S40,2023,8,14500.0,Semi-Urban,21,30.7,,27.23
S40,2023,9,14500.0,Semi-Urban,21,394.6,2.6,33.63
S40,2023,10,14500.0,Semi-Urban,21,369.6,2.6,41.47
S40,2023,11,14500.0,Semi-Urban,21,352.6,2.6,40.05
S40,2023,12,14500.0,Semi-Urban,21,450.8,2.6,40.58
S40,2024,1,14500.0,Semi-Urban,21,1.7,2.6,25.7
S40,2024,2,14500.0,Semi-Urban,21,374.8,,32.16
S40,2024,3,14500.0,Semi-Urban,21,196.6,2.6,31.37
S40,2024,4,14500.0,Semi-Urban,21,23.1,2.6,31.0
S40,2024,5,14500.0,Semi-Urban,21,290.8,2.6,34.53
S40,2024,6,14500.0,Semi-Urban,21,57.3,2.6,30.63
S40,2024,7,14500.0,Semi-Urban,21,78.0,2.6,29.04
S40,2024,8,14500.0,Semi-Urban,21,221.4,2.6,30.72
S40,2024,9,14500.0,Semi-Urban,21,259.2,2.6,34.88
S40,2024,10,14500.0,Semi-Urban,21,288.6,2.6,41.01
S40,2024,11,14500.0,Semi-Urban,21,80.2,2.6,38.98
S40,2024,12,14500.0,Semi-Urban,21,396.0,2.6,39.02
S40,2025,1,14500.0,Semi-Urban,21,366.7,2.6,31.91
S40,2025,2,14500.0,Semi-Urban,21,371.3,2.6,30.62
S40,2025,3,14500.0,Semi-Urban,21,1.4,2.6,26.8
S40,2025,4,14500.0,Semi-Urban,21,43.8,2.6,27.73
S40,2025,5,14500.0,Semi-Urban,21,140.7,2.6,33.6
S40,2025,6,14500.0,Semi-Urban,21,316.3,2.6,36.63
S40,2025,7,14500.0,Semi-Urban,21,58.6,2.6,33.98
S40,2025,8,14500.0,Semi-Urban,21,5.2,2.6,28.47
S40,2025,9,14500.0,Semi-Urban,21,132.2,2.6,33.78
S40,2025,10,14500.0,Semi-Urban,21,422.2,2.6,39.89
S40,2025,11,14500.0,Semi-Urban,21,361.7,2.6,41.97
S40,2025,12,14500.0,Semi-Urban,21,420.1,2.6,36.04
S41,2023,1,13810.0,Semi-Urban,18,77.9,,25.44
S41,2023,2,13810.0,Semi-Urban,18,193.4,,26.75
S41,2023,3,13810.0,Semi-Urban,18,44.8,3.46,26.44
S41,2023,4,13810.0,Semi-Urban,18,40.0,3.46,25.57
S41,2023,5,13810.0,Semi-Urban,18,53.0,3.46,27.47
S41,2023,6,13810.0,Semi-Urban,18,113.9,,28.98
S41,2023,7,13810.0,Semi-Urban,18,128.8,3.46,28.1
S41,2023,8,13810.0,Semi-Urban,18,225.2,3.46,29.02
S41,2023,9,13810.0,Semi-Urban,18,120.0,,27.57
S41,2023,10,13810.0,Semi-Urban,18,289.2,3.46,37.51
S41,2023,11,13810.0,Semi-Urban,18,417.0,3.46,37.77
S41,2023,12,13810.0,Semi-Urban,18,245.7,3.46,30.33
S41,2024,1,13810.0,Semi-Urban,18,221.2,3.46,27.99
S41,2024,2,13810.0,Semi-Urban,18,195.6,3.46,28.72
S41,2024,3,13810.0,Semi-Urban,18,,3.46,27.9
S41,2024,4,13810.0,Semi-Urban,18,123.5,3.46,29.87
S41,2024,5,13810.0,Semi-Urban,18,17.2,3.46,23.19
S41,2024,6,13810.0,Semi-Urban,18,278.4,3.46,28.28
S41,2024,7,13810.0,Semi-Urban,18,190.8,3.46,26.02
S41,2024,8,13810.0,Semi-Urban,18,,3.46,26.82
S41,2024,9,13810.0,Semi-Urban,18,305.4,3.46,29.28
S41,2024,10,13810.0,Semi-Urban,18,72.9,3.46,34.81
S41,2024,11,13810.0,Semi-Urban,18,309.3,3.46,36.88
S41,2024,12,13810.0,Semi-Urban,18,369.2,3.46,33.62
S41,2025,1,13810.0,Semi-Urban,18,327.9,3.46,30.19
S41,2025,2,13810.0,Semi-Urban,18,213.3,3.46,30.11
S41,2025,3,13810.0,Semi-Urban,18,42.1,3.46,26.22
S41,2025,4,13810.0,Semi-Urban,18,13.4,3.46,26.1
S41,2025,5,13810.0,Semi-Urban,18,37.7,3.46,25.22
S41,2025,6,13810.0,Semi-Urban,18,255.5,3.46,29.33
S41,2025,7,13810.0,Semi-Urban,18,168.4,3.46,26.36
S41,2025,8,13810.0,Semi-Urban,18,173.3,3.46,30.46
S41,2025,9,13810.0,Semi-Urban,18,288.2,3.46,33.71
S41,2025,10,13810.0,Semi-Urban,18,,3.46,37.96
S41,2025,11,13810.0,Semi-Urban,18,502.5,3.46,37.99
S41,2025,12,13810.0,Semi-Urban,18,258.4,3.46,30.24
S42,2023,1,11100.0,Rural,14,10.6,11.55,16.4
S42,2023,2,11100.0,Rural,14,127.7,11.55,20.39
S42,2023,3,11100.0,Rural,14,399.8,,21.72
S42,2023,4,11100.0,Rural,14,18.9,,17.19
S42,2023,5,11100.0,Rural,14,10.2,11.55,19.73
S42,2023,6,11100.0,Rural,14,,11.55,19.61
S42,2023,7,11100.0,Rural,14,374.8,11.55,23.06
S42,2023,8,11100.0,Rural,14,246.7,11.55,24.05
S42,2023,9,11100.0,Rural,14,25.6,11.55,18.31
S42,2023,10,11100.0,Rural,14,52.9,11.55,22.45
S42,2023,11,11100.0,Rural,14,161.8,11.55,27.58
S42,2023,12,11100.0,Rural,14,225.7,11.55,26.15
S42,2024,1,11100.0,Rural,14,320.5,11.55,19.75
S42,2024,2,11100.0,Rural,14,338.7,11.55,22.26
S42,2024,3,11100.0,Rural,14,339.5,11.55,23.36
S42,2024,4,11100.0,Rural,14,89.2,11.55,22.24
S42,2024,5,11100.0,Rural,14,110.0,11.55,21.46
S42,2024,6,11100.0,Rural,14,97.1,11.55,22.58
S42,2024,7,11100.0,Rural,14,140.5,11.55,20.45
S42,2024,8,11100.0,Rural,14,353.3,11.55,21.92
S42,2024,9,11100.0,Rural,14,208.3,11.55,25.69
S42,2024,10,11100.0,Rural,14,427.3,11.55,28.5
S42,2024,11,11100.0,Rural,14,53.8,11.55,24.44
S42,2024,12,11100.0,Rural,14,349.4,11.55,24.97
S42,2025,1,11100.0,Rural,14,235.8,11.55,20.7
S42,2025,2,11100.0,Rural,14,157.1,,20.4
S42,2025,3,11100.0,Rural,14,46.4,11.55,18.49
S42,2025,4,11100.0,Rural,14,131.6,11.55,19.07
S42,2025,5,11100.0,Rural,14,142.5,11.55,21.04
S42,2025,6,11100.0,Rural,14,192.2,11.55,22.93
S42,2025,7,11100.0,Rural,14,266.8,11.55,23.7
S42,2025,8,11100.0,Rural,14,138.5,11.55,23.27
S42,2025,9,11100.0,Rural,14,238.6,11.55,25.18
S42,2025,10,11100.0,Rural,14,,11.55,24.78
S42,2025,11,11100.0,Rural,14,,11.55,29.04
S42,2025,12,11100.0,Rural,14,229.3,11.55,26.51
S43,2023,1,5460.0,Semi-Urban,9,14.5,4.62,12.63
S43,2023,2,5460.0,Semi-Urban,9,65.3,4.62,14.01
S43,2023,3,5460.0,Semi-Urban,9,169.7,4.62,17.03
S43,2023,4,5460.0,Semi-Urban,9,366.2,,20.21
S43,2023,5,5460.0,Semi-Urban,9,381.7,4.62,18.69
S43,2023,6,5460.0,Semi-Urban,9,346.5,4.62,17.94
S43,2023,7,5460.0,Semi-Urban,9,222.7,4.62,17.2
S43,2023,8,5460.0,Semi-Urban,9,274.1,4.62,17.2
S43,2023,9,5460.0,Semi-Urban,9,377.8,4.62,19.27
S43,2023,10,5460.0,Semi-Urban,9,139.6,4.62,19.61
S43,2023,11,5460.0,Semi-Urban,9,363.3,4.62,23.07
S43,2023,12,5460.0,Semi-Urban,9,14.7,4.62,14.23
S43,2024,1,5460.0,Semi-Urban,9,370.8,4.62,17.32
S43,2024,2,5460.0,Semi-Urban,9,44.1,4.62,13.22
S43,2024,3,5460.0,Semi-Urban,9,259.2,4.62,18.42
S43,2024,4,5460.0,Semi-Urban,9,333.8,4.62,18.21
S43,2024,5,5460.0,Semi-Urban,9,362.9,4.62,17.69
S43,2024,6,5460.0,Semi-Urban,9,325.0,,17.07
S43,2024,7,5460.0,Semi-Urban,9,100.7,4.62,14.98
S43,2024,8,5460.0,Semi-Urban,9,40.3,,13.86
S43,2024,9,5460.0,Semi-Urban,9,53.6,4.62,14.81
S43,2024,10,5460.0,Semi-Urban,9,28.3,4.62,16.73
S43,2024,11,5460.0,Semi-Urban,9,120.7,4.62,17.81
S43,2024,12,5460.0,Semi-Urban,9,409.1,4.62,21.16
S43,2025,1,5460.0,Semi-Urban,9,340.1,4.62,17.26
S43,2025,2,5460.0,Semi-Urban,9,136.9,4.62,15.24
S43,2025,3,5460.0,Semi-Urban,9,161.0,4.62,16.95
S43,2025,4,5460.0,Semi-Urban,9,211.5,4.62,16.33
S43,2025,5,5460.0,Semi-Urban,9,351.4,4.62,18.03
S43,2025,6,5460.0,Semi-Urban,9,328.6,4.62,16.51
S43,2025,7,5460.0,Semi-Urban,9,223.0,4.62,13.82
S43,2025,8,5460.0,Semi-Urban,9,99.2,4.62,16.97
S43,2025,9,5460.0,Semi-Urban,9,224.8,4.62,16.81
S43,2025,10,5460.0,Semi-Urban,9,167.6,4.62,19.82
S43,2025,11,5460.0,Semi-Urban,9,310.0,4.62,22.03
S43,2025,12,5460.0,Semi-Urban,9,97.7,4.62,18.14
S44,2023,1,14600.0,Urban,19,145.7,1.57,32.2
S44,2023,2,14600.0,Urban,19,134.7,1.57,33.26
S44,2023,3,14600.0,Urban,19,302.6,1.57,35.76
S44,2023,4,14600.0,Urban,19,328.7,1.57,33.19
S44,2023,5,14600.0,Urban,19,223.7,1.57,35.1
S44,2023,6,14600.0,Urban,19,14.0,1.57,31.37
S44,2023,7,14600.0,Urban,19,312.9,1.57,32.54
S44,2023,8,14600.0,Urban,19,360.9,1.57,37.01
S44,2023,9,14600.0,Urban,19,316.7,,41.68
S44,2023,10,14600.0,Urban,19,410.6,1.57,43.02
S44,2023,11,14600.0,Urban,19,149.9,1.57,42.64
S44,2023,12,14600.0,Urban,19,412.4,1.57,37.2
S44,2024,1,14600.0,Urban,19,120.5,1.57,29.69
S44,2024,2,14600.0,Urban,19,386.7,1.57,32.74
S44,2024,3,14600.0,Urban,19,178.9,1.57,36.63
S44,2024,4,14600.0,Urban,19,163.8,,33.29
S44,2024,5,14600.0,Urban,19,172.9,1.57,30.75
S44,2024,6,14600.0,Urban,19,363.6,1.57,36.27
S44,2024,7,14600.0,Urban,19,225.7,1.57,32.61
S44,2024,8,14600.0,Urban,19,282.1,1.57,32.92
S44,2024,9,14600.0,Urban,19,225.2,1.57,38.5
S44,2024,10,14600.0,Urban,19,389.9,1.57,42.21
S44,2024,11,14600.0,Urban,19,388.0,1.57,45.94
S44,2024,12,14600.0,Urban,19,259.2,1.57,36.67
S44,2025,1,14600.0,Urban,19,1.0,1.57,24.38
S44,2025,2,14600.0,Urban,19,244.0,1.57,34.1
S44,2025,3,14600.0,Urban,19,326.5,1.57,33.99
S44,2025,4,14600.0,Urban,19,303.3,1.57,36.57
S44,2025,5,14600.0,Urban,19,341.7,1.57,36.02
S44,2025,6,14600.0,Urban,19,228.2,1.57,34.82
S44,2025,7,14600.0,Urban,19,257.9,1.57,36.47
S44,2025,8,14600.0,Urban,19,226.8,1.57,41.92
S44,2025,9,14600.0,Urban,19,324.0,1.57,38.35
S44,2025,10,14600.0,Urban,19,144.6,1.57,45.85
S44,2025,11,14600.0,Urban,19,367.8,1.57,40.27
S44,2025,12,14600.0,Urban,19,505.1,,40.3
S45,2023,1,12120.0,Rural,21,302.1,12.59,23.2
S45,2023,2,12120.0,Rural,21,68.9,12.59,22.02
S45,2023,3,12120.0,Rural,21,306.2,12.59,26.87
S45,2023,4,12120.0,Rural,21,347.3,,30.74
S45,2023,5,12120.0,Rural,21,152.4,12.59,25.68
S45,2023,6,12120.0,Rural,21,172.9,,27.27
S45,2023,7,12120.0,Rural,21,61.4,,22.38
S45,2023,8,12120.0,Rural,21,,12.59,25.74
S45,2023,9,12120.0,Rural,21,,12.59,20.56
S45,2023,10,12120.0,Rural,21,85.5,12.59,32.71
S45,2023,11,12120.0,Rural,21,413.6,,36.64
S45,2023,12,12120.0,Rural,21,307.9,,31.06
S45,2024,1,12120.0,Rural,21,121.4,12.59,23.23
S45,2024,2,12120.0,Rural,21,217.6,12.59,25.36
S45,2024,3,12120.0,Rural,21,90.1,12.59,22.97
S45,2024,4,12120.0,Rural,21,188.4,12.59,27.33
S45,2024,5,12120.0,Rural,21,399.1,,29.25
S45,2024,6,12120.0,Rural,21,340.8,12.59,28.9
S45,2024,7,12120.0,Rural,21,221.3,12.59,23.14
S45,2024,8,12120.0,Rural,21,207.7,12.59,28.49
S45,2024,9,12120.0,Rural,21,319.6,12.59,25.99
S45,2024,10,12120.0,Rural,21,481.4,12.59,28.49
S45,2024,11,12120.0,Rural,21,,12.59,35.39
S45,2024,12,12120.0,Rural,21,262.0,12.59,29.47
S45,2025,1,12120.0,Rural,21,73.8,12.59,23.88
S45,2025,2,12120.0,Rural,21,324.9,12.59,27.11
S45,2025,3,12120.0,Rural,21,193.2,12.59,27.76
S45,2025,4,12120.0,Rural,21,122.7,12.59,25.76
S45,2025,5,12120.0,Rural,21,56.2,12.59,21.81
S45,2025,6,12120.0,Rural,21,178.3,12.59,25.2
S45,2025,7,12120.0,Rural,21,154.8,12.59,26.97
S45,2025,8,12120.0,Rural,21,102.7,12.59,26.74
S45,2025,9,12120.0,Rural,21,29.5,12.59,23.41
S45,2025,10,12120.0,Rural,21,411.9,12.59,32.1
S45,2025,11,12120.0,Rural,21,375.7,12.59,34.88
S45,2025,12,12120.0,Rural,21,416.4,12.59,31.23
S46,2023,1,11320.0,Rural,15,193.7,0.31,19.79
S46,2023,2,11320.0,Rural,15,117.0,0.31,20.05
S46,2023,3,11320.0,Rural,15,131.2,0.31,21.56
S46,2023,4,11320.0,Rural,15,34.7,0.31,17.68
S46,2023,5,11320.0,Rural,15,399.1,0.31,22.78
S46,2023,6,11320.0,Rural,15,175.3,0.31,21.46
S46,2023,7,11320.0,Rural,15,52.0,0.31,18.06
S46,2023,8,11320.0,Rural,15,88.0,0.31,19.15
S46,2023,9,11320.0,Rural,15,1.6,0.31,17.09
S46,2023,10,11320.0,Rural,15,128.2,0.31,23.26
S46,2023,11,11320.0,Rural,15,117.4,0.31,25.79
S46,2023,12,11320.0,Rural,15,170.3,0.31,21.84
S46,2024,1,11320.0,Rural,15,356.1,0.31,22.8
S46,2024,2,11320.0,Rural,15,277.8,0.31,22.67
S46,2024,3,11320.0,Rural,15,,0.31,19.91
S46,2024,4,11320.0,Rural,15,385.7,0.31,24.01
S46,2024,5,11320.0,Rural,15,111.0,0.31,21.17
S46,2024,6,11320.0,Rural,15,334.2,0.31,22.15
S46,2024,7,11320.0,Rural,15,224.3,0.31,20.73
S46,2024,8,11320.0,Rural,15,269.0,0.31,21.96
S46,2024,9,11320.0,Rural,15,75.9,0.31,22.26
S46,2024,10,11320.0,Rural,15,,0.31,25.77
S46,2024,11,11320.0,Rural,15,216.2,0.31,25.6
S46,2024,12,11320.0,Rural,15,32.1,0.31,21.74
S46,2025,1,11320.0,Rural,15,86.7,0.31,19.41
S46,2025,2,11320.0,Rural,15,213.8,0.31,20.36
S46,2025,3,11320.0,Rural,15,12.1,0.31,18.03
S46,2025,4,11320.0,Rural,15,70.6,0.31,20.4
S46,2025,5,11320.0,Rural,15,302.4,0.31,20.37
S46,2025,6,11320.0,Rural,15,155.7,0.31,22.37
S46,2025,7,11320.0,Rural,15,343.7,0.31,22.42
S46,2025,8,11320.0,Rural,15,84.1,0.31,20.51
S46,2025,9,11320.0,Rural,15,81.3,0.31,21.34
S46,2025,10,11320.0,Rural,15,43.1,0.31,22.53
S46,2025,11,11320.0,Rural,15,216.9,0.31,26.73
S46,2025,12,11320.0,Rural,15,29.8,0.31,18.04
S47,2023,1,7840.0,Urban,14,363.3,2.26,20.87
S47,2023,2,7840.0,Urban,14,271.8,2.26,19.13
S47,2023,3,7840.0,Urban,14,167.9,2.26,23.98
S47,2023,4,7840.0,Urban,14,51.4,2.26,19.06
S47,2023,5,7840.0,Urban,14,,2.26,24.07
S47,2023,6,7840.0,Urban,14,,2.26,21.58
S47,2023,7,7840.0,Urban,14,138.3,2.26,19.27
S47,2023,8,7840.0,Urban,14,351.3,2.26,24.22
S47,2023,9,7840.0,Urban,14,228.6,2.26,23.15
S47,2023,10,7840.0,Urban,14,27.7,2.26,24.89
S47,2023,11,7840.0,Urban,14,88.9,2.26,23.67
S47,2023,12,7840.0,Urban,14,253.3,2.26,26.75
S47,2024,1,7840.0,Urban,14,37.8,2.26,19.7
S47,2024,2,7840.0,Urban,14,380.9,2.26,22.97
S47,2024,3,7840.0,Urban,14,152.6,2.26,22.19
S47,2024,4,7840.0,Urban,14,240.1,2.26,23.89
S47,2024,5,7840.0,Urban,14,217.0,2.26,21.31
S47,2024,6,7840.0,Urban,14,169.4,2.26,19.77
S47,2024,7,7840.0,Urban,14,19.0,2.26,16.64
S47,2024,8,7840.0,Urban,14,172.0,2.26,21.56
S47,2024,9,7840.0,Urban,14,97.6,2.26,21.96
S47,2024,10,7840.0,Urban,14,355.8,2.26,25.34
S47,2024,11,7840.0,Urban,14,79.6,2.26,23.86
S47,2024,12,7840.0,Urban,14,348.4,2.26,24.14
S47,2025,1,7840.0,Urban,14,293.7,2.26,21.74
S47,2025,2,7840.0,Urban,14,303.3,2.26,23.46
S47,2025,3,7840.0,Urban,14,301.7,2.26,21.02
S47,2025,4,7840.0,Urban,14,332.9,2.26,23.2
S47,2025,5,7840.0,Urban,14,320.7,2.26,23.44
S47,2025,6,7840.0,Urban,14,190.1,2.26,20.77
S47,2025,7,7840.0,Urban,14,206.0,2.26,19.03
S47,2025,8,7840.0,Urban,14,172.5,2.26,23.11
S47,2025,9,7840.0,Urban,14,319.7,2.26,21.13
S47,2025,10,7840.0,Urban,14,129.4,2.26,27.04
S47,2025,11,7840.0,Urban,14,393.6,2.26,26.37
S47,2025,12,7840.0,Urban,14,471.6,2.26,23.06
S48,2023,1,5540.0,Urban,9,,,18.41
S48,2023,2,5540.0,Urban,9,390.0,1.95,19.96
S48,2023,3,5540.0,Urban,9,289.9,1.95,21.17
S48,2023,4,5540.0,Urban,9,176.5,1.95,20.83
S48,2023,5,5540.0,Urban,9,75.6,1.95,18.07
S48,2023,6,5540.0,Urban,9,204.3,1.95,21.92
S48,2023,7,5540.0,Urban,9,286.8,1.95,19.8
S48,2023,8,5540.0,Urban,9,350.6,1.95,21.58
S48,2023,9,5540.0,Urban,9,80.1,1.95,19.09
S48,2023,10,5540.0,Urban,9,266.0,1.95,22.13
S48,2023,11,5540.0,Urban,9,,1.95,24.12
S48,2023,12,5540.0,Urban,9,178.8,1.95,22.58
S48,2024,1,5540.0,Urban,9,111.3,1.95,17.96
S48,2024,2,5540.0,Urban,9,66.0,1.95,14.78
S48,2024,3,5540.0,Urban,9,130.8,1.95,21.58
S48,2024,4,5540.0,Urban,9,99.5,1.95,19.35
S48,2024,5,5540.0,Urban,9,316.0,1.95,20.64
S48,2024,6,5540.0,Urban,9,134.8,1.95,19.42
S48,2024,7,5540.0,Urban,9,252.3,1.95,19.08
S48,2024,8,5540.0,Urban,9,384.5,1.95,21.49
S48,2024,9,5540.0,Urban,9,327.1,1.95,22.18
S48,2024,10,5540.0,Urban,9,255.5,1.95,26.36
S48,2024,11,5540.0,Urban,9,40.7,1.95,20.56
S48,2024,12,5540.0,Urban,9,500.2,1.95,21.98
S48,2025,1,5540.0,Urban,9,334.4,1.95,18.42
S48,2025,2,5540.0,Urban,9,90.5,1.95,17.18
S48,2025,3,5540.0,Urban,9,371.1,1.95,19.57
S48,2025,4,5540.0,Urban,9,51.2,1.95,16.38
S48,2025,5,5540.0,Urban,9,279.3,1.95,19.43
S48,2025,6,5540.0,Urban,9,129.9,1.95,18.44
S48,2025,7,5540.0,Urban,9,61.4,1.95,17.36
S48,2025,8,5540.0,Urban,9,261.2,,20.35
S48,2025,9,5540.0,Urban,9,311.3,1.95,22.43
S48,2025,10,5540.0,Urban,9,142.2,1.95,23.11
S48,2025,11,5540.0,Urban,9,107.4,1.95,21.8
S48,2025,12,5540.0,Urban,9,92.7,1.95,21.28
S49,2023,1,3250.0,Semi-Urban,9,63.0,1.75,11.95
S49,2023,2,3250.0,Semi-Urban,9,251.8,1.75,15.33
S49,2023,3,3250.0,Semi-Urban,9,319.3,1.75,16.85
S49,2023,4,3250.0,Semi-Urban,9,55.0,,13.57
S49,2023,5,3250.0,Semi-Urban,9,24.6,1.75,11.6
S49,2023,6,3250.0,Semi-Urban,9,156.1,1.75,14.5
S49,2023,7,3250.0,Semi-Urban,9,111.9,1.75,13.85
S49,2023,8,3250.0,Semi-Urban,9,336.4,1.75,15.67
S49,2023,9,3250.0,Semi-Urban,9,251.1,1.75,15.68
S49,2023,10,3250.0,Semi-Urban,9,,1.75,14.23
S49,2023,11,3250.0,Semi-Urban,9,283.4,1.75,18.76
S49,2023,12,3250.0,Semi-Urban,9,170.5,1.75,15.95
S49,2024,1,3250.0,Semi-Urban,9,249.7,1.75,14.93
S49,2024,2,3250.0,Semi-Urban,9,248.4,1.75,14.37
S49,2024,3,3250.0,Semi-Urban,9,188.1,1.75,15.94
S49,2024,4,3250.0,Semi-Urban,9,175.9,1.75,16.16
S49,2024,5,3250.0,Semi-Urban,9,,1.75,10.4
S49,2024,6,3250.0,Semi-Urban,9,113.2,1.75,14.21
S49,2024,7,3250.0,Semi-Urban,9,257.1,,14.45
S49,2024,8,3250.0,Semi-Urban,9,243.3,1.75,15.46
S49,2024,9,3250.0,Semi-Urban,9,292.9,1.75,16.73
S49,2024,10,3250.0,Semi-Urban,9,122.9,1.75,16.31
S49,2024,11,3250.0,Semi-Urban,9,220.5,1.75,19.16
S49,2024,12,3250.0,Semi-Urban,9,190.7,1.75,16.9
S49,2025,1,3250.0,Semi-Urban,9,,1.75,15.13
S49,2025,2,3250.0,Semi-Urban,9,321.7,1.75,15.86
S49,2025,3,3250.0,Semi-Urban,9,282.5,1.75,15.4
S49,2025,4,3250.0,Semi-Urban,9,188.0,1.75,15.5
S49,2025,5,3250.0,Semi-Urban,9,270.4,1.75,16.45
S49,2025,6,3250.0,Semi-Urban,9,379.7,1.75,14.81
S49,2025,7,3250.0,Semi-Urban,9,225.5,1.75,14.63
S49,2025,8,3250.0,Semi-Urban,9,248.0,1.75,15.98
S49,2025,9,3250.0,Semi-Urban,9,148.3,1.75,14.2
S49,2025,10,3250.0,Semi-Urban,9,58.0,1.75,16.52
S49,2025,11,3250.0,Semi-Urban,9,,1.75,19.52
S49,2025,12,3250.0,Semi-Urban,9,1.0,1.75,12.79
S50,2023,1,13730.0,Urban,20,8.0,0.36,23.19
S50,2023,2,13730.0,Urban,20,287.0,0.36,28.24
S50,2023,3,13730.0,Urban,20,285.2,0.36,28.01
S50,2023,4,13730.0,Urban,20,389.8,0.36,32.19
S50,2023,5,13730.0,Urban,20,394.8,0.36,28.5
S50,2023,6,13730.0,Urban,20,371.6,0.36,29.98
S50,2023,7,13730.0,Urban,20,57.0,0.36,25.16
S50,2023,8,13730.0,Urban,20,206.3,0.36,30.79
S50,2023,9,13730.0,Urban,20,369.8,0.36,26.9
S50,2023,10,13730.0,Urban,20,161.8,0.36,35.48
S50,2023,11,13730.0,Urban,20,69.4,0.36,35.08
S50,2023,12,13730.0,Urban,20,74.5,0.36,31.02
S50,2024,1,13730.0,Urban,20,281.9,0.36,27.84
S50,2024,2,13730.0,Urban,20,149.7,0.36,27.14
S50,2024,3,13730.0,Urban,20,325.2,0.36,30.76
S50,2024,4,13730.0,Urban,20,218.8,0.36,33.18
S50,2024,5,13730.0,Urban,20,204.5,0.36,31.32
S50,2024,6,13730.0,Urban,20,346.2,0.36,29.9
S50,2024,7,13730.0,Urban,20,158.4,0.36,27.7
S50,2024,8,13730.0,Urban,20,207.5,0.36,31.8
S50,2024,9,13730.0,Urban,20,264.2,0.36,31.99
S50,2024,10,13730.0,Urban,20,113.3,0.36,32.29
S50,2024,11,13730.0,Urban,20,,0.36,36.2
S50,2024,12,13730.0,Urban,20,107.8,0.36,35.21
S50,2025,1,13730.0,Urban,20,214.6,0.36,28.85
S50,2025,2,13730.0,Urban,20,55.5,0.36,25.53
S50,2025,3,13730.0,Urban,20,212.6,0.36,27.78
S50,2025,4,13730.0,Urban,20,204.1,0.36,30.76
S50,2025,5,13730.0,Urban,20,198.8,0.36,29.72
S50,2025,6,13730.0,Urban,20,,0.36,28.4
S50,2025,7,13730.0,Urban,20,199.1,0.36,30.16
S50,2025,8,13730.0,Urban,20,29.2,0.36,27.76
S50,2025,9,13730.0,Urban,20,76.4,,26.74
S50,2025,10,13730.0,Urban,20,92.5,0.36,33.97
S50,2025,11,13730.0,Urban,20,109.1,0.36,32.91
S50,2025,12,13730.0,Urban,20,455.4,0.36,34.01
S51,2023,1,7930.0,Urban,12,,1.07,18.73
S51,2023,2,7930.0,Urban,12,377.7,1.07,20.19
S51,2023,3,7930.0,Urban,12,27.6,1.07,16.79
S51,2023,4,7930.0,Urban,12,,1.07,23.74
S51,2023,5,7930.0,Urban,12,42.4,1.07,19.23
S51,2023,6,7930.0,Urban,12,126.2,1.07,20.71
S51,2023,7,7930.0,Urban,12,277.9,1.07,21.02
S51,2023,8,7930.0,Urban,12,137.9,1.07,19.87
S51,2023,9,7930.0,Urban,12,199.2,1.07,22.37
S51,2023,10,7930.0,Urban,12,224.7,,27.03
S51,2023,11,7930.0,Urban,12,496.0,1.07,28.91
S51,2023,12,7930.0,Urban,12,271.4,1.07,27.65
S51,2024,1,7930.0,Urban,12,30.5,1.07,18.61
S51,2024,2,7930.0,Urban,12,21.9,1.07,17.44
S51,2024,3,7930.0,Urban,12,197.4,1.07,21.69
S51,2024,4,7930.0,Urban,12,34.9,1.07,18.17
S51,2024,5,7930.0,Urban,12,232.5,,20.21
S51,2024,6,7930.0,Urban,12,148.8,1.07,19.7
S51,2024,7,7930.0,Urban,12,88.1,1.07,17.66
S51,2024,8,7930.0,Urban,12,396.2,1.07,25.65
S51,2024,9,7930.0,Urban,12,391.8,1.07,24.31
S51,2024,10,7930.0,Urban,12,42.0,1.07,23.61
S51,2024,11,7930.0,Urban,12,123.6,1.07,25.61
S51,2024,12,7930.0,Urban,12,49.5,1.07,25.04
S51,2025,1,7930.0,Urban,12,135.9,1.07,18.53
S51,2025,2,7930.0,Urban,12,286.4,1.07,19.54
S51,2025,3,7930.0,Urban,12,340.7,,26.38
S51,2025,4,7930.0,Urban,12,215.4,1.07,20.63
S51,2025,5,7930.0,Urban,12,198.1,,21.49
S51,2025,6,7930.0,Urban,12,64.6,1.07,18.6
S51,2025,7,7930.0,Urban,12,105.5,1.07,20.37
S51,2025,8,7930.0,Urban,12,371.9,1.07,22.67
S51,2025,9,7930.0,Urban,12,226.1,1.07,24.09
S51,2025,10,7930.0,Urban,12,130.3,1.07,26.6
S51,2025,11,7930.0,Urban,12,45.6,1.07,21.62
S51,2025,12,7930.0,Urban,12,115.3,1.07,22.6
S52,2023,1,4630.0,Urban,9,126.0,3.04,17.09
S52,2023,2,4630.0,Urban,9,318.6,3.04,19.51
S52,2023,3,4630.0,Urban,9,260.8,3.04,19.44
S52,2023,4,4630.0,Urban,9,192.0,3.04,19.19
S52,2023,5,4630.0,Urban,9,204.4,3.04,20.05
S52,2023,6,4630.0,Urban,9,256.2,3.04,18.26
S52,2023,7,4630.0,Urban,9,49.6,3.04,15.26
S52,2023,8,4630.0,Urban,9,125.3,,19.07
S52,2023,9,4630.0,Urban,9,151.5,3.04,20.19
S52,2023,10,4630.0,Urban,9,230.0,3.04,22.35
S52,2023,11,4630.0,Urban,9,70.3,3.04,19.27
S52,2023,12,4630.0,Urban,9,249.9,3.04,21.35
S52,2024,1,4630.0,Urban,9,96.6,,15.83
S52,2024,2,4630.0,Urban,9,,3.04,17.35
S52,2024,3,4630.0,Urban,9,267.6,3.04,18.52
S52,2024,4,4630.0,Urban,9,179.4,3.04,19.99
S52,2024,5,4630.0,Urban,9,339.9,3.04,19.74
S52,2024,6,4630.0,Urban,9,,3.04,18.78
S52,2024,7,4630.0,Urban,9,,,17.4
S52,2024,8,4630.0,Urban,9,281.5,3.04,18.6
S52,2024,9,4630.0,Urban,9,234.5,3.04,17.77
S52,2024,10,4630.0,Urban,9,410.4,3.04,23.57
S52,2024,11,4630.0,Urban,9,361.5,3.04,22.95
S52,2024,12,4630.0,Urban,9,94.1,3.04,19.54
S52,2025,1,4630.0,Urban,9,258.8,3.04,18.45
S52,2025,2,4630.0,Urban,9,69.9,3.04,15.82
S52,2025,3,4630.0,Urban,9,162.6,3.04,17.94
S52,2025,4,4630.0,Urban,9,229.6,3.04,18.08
S52,2025,5,4630.0,Urban,9,180.3,3.04,16.95
S52,2025,6,4630.0,Urban,9,109.7,3.04,18.15
S52,2025,7,4630.0,Urban,9,123.9,3.04,17.13
S52,2025,8,4630.0,Urban,9,369.3,,19.26
S52,2025,9,4630.0,Urban,9,,3.04,20.4
S52,2025,10,4630.0,Urban,9,,3.04,21.39
S52,2025,11,4630.0,Urban,9,397.7,3.04,23.07
S52,2025,12,4630.0,Urban,9,97.0,3.04,19.54
S53,2023,1,5980.0,Rural,10,129.3,2.93,14.78
S53,2023,2,5980.0,Rural,10,248.7,2.93,17.45
S53,2023,3,5980.0,Rural,10,362.1,,17.22
S53,2023,4,5980.0,Rural,10,,2.93,16.32
S53,2023,5,5980.0,Rural,10,,2.93,15.7
S53,2023,6,5980.0,Rural,10,38.2,2.93,13.61
S53,2023,7,5980.0,Rural,10,,2.93,16.62
S53,2023,8,5980.0,Rural,10,207.4,2.93,18.3
S53,2023,9,5980.0,Rural,10,,2.93,17.65
S53,2023,10,5980.0,Rural,10,260.2,2.93,20.49
S53,2023,11,5980.0,Rural,10,139.3,2.93,17.89
S53,2023,12,5980.0,Rural,10,449.9,2.93,18.78
S53,2024,1,5980.0,Rural,10,193.4,2.93,14.73
S53,2024,2,5980.0,Rural,10,319.3,2.93,16.22
S53,2024,3,5980.0,Rural,10,154.1,2.93,15.0
S53,2024,4,5980.0,Rural,10,61.0,2.93,14.74
S53,2024,5,5980.0,Rural,10,191.7,2.93,15.59
S53,2024,6,5980.0,Rural,10,363.4,2.93,19.28
S53,2024,7,5980.0,Rural,10,250.7,2.93,15.58
S53,2024,8,5980.0,Rural,10,204.1,2.93,16.85
S53,2024,9,5980.0,Rural,10,8.1,2.93,12.57
S53,2024,10,5980.0,Rural,10,445.1,2.93,19.68
S53,2024,11,5980.0,Rural,10,413.8,2.93,21.33
S53,2024,12,5980.0,Rural,10,275.1,2.93,19.11
S53,2025,1,5980.0,Rural,10,153.2,2.93,15.67
S53,2025,2,5980.0,Rural,10,102.1,2.93,14.71
S53,2025,3,5980.0,Rural,10,276.2,2.93,17.84
S53,2025,4,5980.0,Rural,10,166.3,2.93,17.2
S53,2025,5,5980.0,Rural,10,189.6,2.93,16.86
S53,2025,6,5980.0,Rural,10,,2.93,11.77
S53,2025,7,5980.0,Rural,10,28.4,2.93,11.96
S53,2025,8,5980.0,Rural,10,82.9,2.93,15.0
S53,2025,9,5980.0,Rural,10,112.1,2.93,15.16
S53,2025,10,5980.0,Rural,10,206.1,2.93,19.68
S53,2025,11,5980.0,Rural,10,129.4,2.93,19.03
S53,2025,12,5980.0,Rural,10,210.2,,18.64
S54,2023,1,9530.0,Semi-Urban,15,183.8,5.73,20.36
S54,2023,2,9530.0,Semi-Urban,15,282.7,5.73,19.49
S54,2023,3,9530.0,Semi-Urban,15,118.0,5.73,22.39
S54,2023,4,9530.0,Semi-Urban,15,222.2,5.73,25.83
S54,2023,5,9530.0,Semi-Urban,15,394.3,5.73,24.54
S54,2023,6,9530.0,Semi-Urban,15,359.5,5.73,25.59
S54,2023,7,9530.0,Semi-Urban,15,51.0,5.73,19.22
S54,2023,8,9530.0,Semi-Urban,15,193.7,5.73,23.34
S54,2023,9,9530.0,Semi-Urban,15,322.7,5.73,28.97
S54,2023,10,9530.0,Semi-Urban,15,69.6,5.73,24.59
S54,2023,11,9530.0,Semi-Urban,15,256.5,5.73,30.82
S54,2023,12,9530.0,Semi-Urban,15,376.3,5.73,28.8
S54,2024,1,9530.0,Semi-Urban,15,334.4,5.73,23.4
S54,2024,2,9530.0,Semi-Urban,15,207.7,,23.42
S54,2024,3,9530.0,Semi-Urban,15,353.8,5.73,23.68
S54,2024,4,9530.0,Semi-Urban,15,40.9,5.73,20.5
S54,2024,5,9530.0,Semi-Urban,15,322.5,5.73,20.73
S54,2024,6,9530.0,Semi-Urban,15,245.8,5.73,25.74
S54,2024,7,9530.0,Semi-Urban,15,300.4,5.73,24.22
S54,2024,8,9530.0,Semi-Urban,15,24.6,5.73,19.55
S54,2024,9,9530.0,Semi-Urban,15,81.0,5.73,21.7
S54,2024,10,9530.0,Semi-Urban,15,185.5,5.73,30.09
S54,2024,11,9530.0,Semi-Urban,15,59.0,,25.16
S54,2024,12,9530.0,Semi-Urban,15,96.5,5.73,24.23
S54,2025,1,9530.0,Semi-Urban,15,28.5,5.73,17.71
S54,2025,2,9530.0,Semi-Urban,15,273.8,5.73,24.11
S54,2025,3,9530.0,Semi-Urban,15,5.6,5.73,20.69
S54,2025,4,9530.0,Semi-Urban,15,61.1,5.73,21.32
S54,2025,5,9530.0,Semi-Urban,15,349.1,5.73,25.81
S54,2025,6,9530.0,Semi-Urban,15,70.6,5.73,21.65
S54,2025,7,9530.0,Semi-Urban,15,102.3,5.73,20.14
S54,2025,8,9530.0,Semi-Urban,15,13.1,5.73,21.49
S54,2025,9,9530.0,Semi-Urban,15,309.2,5.73,23.9
S54,2025,10,9530.0,Semi-Urban,15,89.4,5.73,26.13
S54,2025,11,9530.0,Semi-Urban,15,451.4,5.73,30.13
S54,2025,12,9530.0,Semi-Urban,15,340.8,,27.14
S55,2023,1,4300.0,Semi-Urban,8,331.2,11.88,14.99
S55,2023,2,4300.0,Semi-Urban,8,203.5,,18.53
S55,2023,3,4300.0,Semi-Urban,8,105.3,11.88,14.53
S55,2023,4,4300.0,Semi-Urban,8,8.3,11.88,14.28
S55,2023,5,4300.0,Semi-Urban,8,320.1,11.88,17.02
S55,2023,6,4300.0,Semi-Urban,8,59.9,11.88,14.13
S55,2023,7,4300.0,Semi-Urban,8,212.3,11.88,18.15
S55,2023,8,4300.0,Semi-Urban,8,28.3,11.88,14.37
S55,2023,9,4300.0,Semi-Urban,8,186.1,,16.53
S55,2023,10,4300.0,Semi-Urban,8,145.1,11.88,18.35
S55,2023,11,4300.0,Semi-Urban,8,461.6,11.88,23.07
S55,2023,12,4300.0,Semi-Urban,8,424.8,11.88,19.47
S55,2024,1,4300.0,Semi-Urban,8,204.7,11.88,16.7
S55,2024,2,4300.0,Semi-Urban,8,326.2,11.88,17.83
S55,2024,3,4300.0,Semi-Urban,8,302.8,11.88,17.41
S55,2024,4,4300.0,Semi-Urban,8,345.0,11.88,17.8
S55,2024,5,4300.0,Semi-Urban,8,16.8,11.88,13.51
S55,2024,6,4300.0,Semi-Urban,8,342.7,,16.97
S55,2024,7,4300.0,Semi-Urban,8,280.0,11.88,17.3
S55,2024,8,4300.0,Semi-Urban,8,142.1,11.88,19.26
S55,2024,9,4300.0,Semi-Urban,8,51.9,11.88,15.62
S55,2024,10,4300.0,Semi-Urban,8,81.3,11.88,18.08
S55,2024,11,4300.0,Semi-Urban,8,112.5,11.88,22.5
S55,2024,12,4300.0,Semi-Urban,8,,,21.47
S55,2025,1,4300.0,Semi-Urban,8,26.1,,12.02
S55,2025,2,4300.0,Semi-Urban,8,236.0,11.88,15.94
S55,2025,3,4300.0,Semi-Urban,8,161.2,11.88,15.46
S55,2025,4,4300.0,Semi-Urban,8,235.7,11.88,18.2
S55,2025,5,4300.0,Semi-Urban,8,275.2,11.88,15.62
S55,2025,6,4300.0,Semi-Urban,8,285.5,11.88,19.84
S55,2025,7,4300.0,Semi-Urban,8,140.1,11.88,15.75
S55,2025,8,4300.0,Semi-Urban,8,50.3,11.88,15.56
S55,2025,9,4300.0,Semi-Urban,8,137.7,11.88,16.95
S55,2025,10,4300.0,Semi-Urban,8,326.3,11.88,21.99
S55,2025,11,4300.0,Semi-Urban,8,415.0,11.88,22.4
S55,2025,12,4300.0,Semi-Urban,8,426.3,11.88,20.82
S56,2023,1,13140.0,Rural,17,247.9,3.59,24.63
S56,2023,2,13140.0,Rural,17,315.1,3.59,26.22
S56,2023,3,13140.0,Rural,17,158.8,3.59,26.49
S56,2023,4,13140.0,Rural,17,220.3,3.59,29.63
S56,2023,5,13140.0,Rural,17,23.6,3.59,19.58
S56,2023,6,13140.0,Rural,17,220.4,3.59,24.6
S56,2023,7,13140.0,Rural,17,296.6,3.59,22.99
S56,2023,8,13140.0,Rural,17,368.1,3.59,27.21
S56,2023,9,13140.0,Rural,17,375.9,3.59,24.71
S56,2023,10,13140.0,Rural,17,246.5,3.59,31.62
S56,2023,11,13140.0,Rural,17,36.6,3.59,26.36
S56,2023,12,13140.0,Rural,17,13.0,3.59,22.74
S56,2024,1,13140.0,Rural,17,324.6,3.59,23.34
S56,2024,2,13140.0,Rural,17,49.8,3.59,19.12
S56,2024,3,13140.0,Rural,17,93.7,3.59,21.55
S56,2024,4,13140.0,Rural,17,379.9,3.59,25.8
S56,2024,5,13140.0,Rural,17,350.9,3.59,25.21
S56,2024,6,13140.0,Rural,17,332.9,3.59,23.66
S56,2024,7,13140.0,Rural,17,27.3,3.59,19.63
S56,2024,8,13140.0,Rural,17,20.8,,21.33
S56,2024,9,13140.0,Rural,17,276.6,3.59,24.65
S56,2024,10,13140.0,Rural,17,163.2,3.59,25.57
S56,2024,11,13140.0,Rural,17,385.7,3.59,33.9
S56,2024,12,13140.0,Rural,17,281.8,3.59,28.66
S56,2025,1,13140.0,Rural,17,391.5,3.59,22.79
S56,2025,2,13140.0,Rural,17,190.1,3.59,22.1
S56,2025,3,13140.0,Rural,17,58.6,3.59,21.02
S56,2025,4,13140.0,Rural,17,113.6,3.59,25.04
S56,2025,5,13140.0,Rural,17,204.8,3.59,22.3
S56,2025,6,13140.0,Rural,17,236.2,3.59,24.71
S56,2025,7,13140.0,Rural,17,289.4,3.59,24.49
S56,2025,8,13140.0,Rural,17,358.5,3.59,26.58
S56,2025,9,13140.0,Rural,17,208.8,,24.84
S56,2025,10,13140.0,Rural,17,117.0,3.59,30.05
S56,2025,11,13140.0,Rural,17,437.9,3.59,32.68
S56,2025,12,13140.0,Rural,17,157.7,3.59,26.35
S57,2023,1,11860.0,Semi-Urban,15,288.1,17.21,25.5
S57,2023,2,11860.0,Semi-Urban,15,80.4,17.21,24.63
S57,2023,3,11860.0,Semi-Urban,15,207.6,17.21,27.68
S57,2023,4,11860.0,Semi-Urban,15,143.7,17.21,26.24
S57,2023,5,11860.0,Semi-Urban,15,72.1,17.21,25.78
S57,2023,6,11860.0,Semi-Urban,15,62.8,17.21,24.75
S57,2023,7,11860.0,Semi-Urban,15,319.2,17.21,30.41
S57,2023,8,11860.0,Semi-Urban,15,7.8,17.21,23.2
S57,2023,9,11860.0,Semi-Urban,15,187.3,17.21,27.82
S57,2023,10,11860.0,Semi-Urban,15,478.0,17.21,34.7
S57,2023,11,11860.0,Semi-Urban,15,455.0,17.21,36.38
S57,2023,12,11860.0,Semi-Urban,15,193.1,17.21,32.33
S57,2024,1,11860.0,Semi-Urban,15,297.0,17.21,27.2
S57,2024,2,11860.0,Semi-Urban,15,102.8,17.21,25.38
S57,2024,3,11860.0,Semi-Urban,15,5.6,17.21,23.69
S57,2024,4,11860.0,Semi-Urban,15,204.3,17.21,29.44
S57,2024,5,11860.0,Semi-Urban,15,72.1,17.21,24.2
S57,2024,6,11860.0,Semi-Urban,15,,17.21,24.77
S57,2024,7,11860.0,Semi-Urban,15,151.7,17.21,24.03
S57,2024,8,11860.0,Semi-Urban,15,,17.21,24.25
S57,2024,9,11860.0,Semi-Urban,15,11.9,17.21,26.3
S57,2024,10,11860.0,Semi-Urban,15,469.0,17.21,35.85
S57,2024,11,11860.0,Semi-Urban,15,193.4,17.21,38.33
S57,2024,12,11860.0,Semi-Urban,15,295.0,17.21,35.44
S57,2025,1,11860.0,Semi-Urban,15,94.5,17.21,25.46
S57,2025,2,11860.0,Semi-Urban,15,120.7,17.21,25.89
S57,2025,3,11860.0,Semi-Urban,15,125.9,17.21,27.43
S57,2025,4,11860.0,Semi-Urban,15,364.8,17.21,25.64
S57,2025,5,11860.0,Semi-Urban,15,,17.21,27.49
S57,2025,6,11860.0,Semi-Urban,15,195.7,17.21,26.55
S57,2025,7,11860.0,Semi-Urban,15,8.1,17.21,21.44
S57,2025,8,11860.0,Semi-Urban,15,,,29.98
S57,2025,9,11860.0,Semi-Urban,15,264.2,17.21,29.34
S57,2025,10,11860.0,Semi-Urban,15,173.8,17.21,33.31
S57,2025,11,11860.0,Semi-Urban,15,,17.21,33.22
S57,2025,12,11860.0,Semi-Urban,15,428.7,17.21,34.52
S58,2023,1,11350.0,Semi-Urban,17,165.9,0.24,23.54
S58,2023,2,11350.0,Semi-Urban,17,387.7,0.24,26.54
S58,2023,3,11350.0,Semi-Urban,17,60.5,0.24,23.48
S58,2023,4,11350.0,Semi-Urban,17,263.4,0.24,23.62
S58,2023,5,11350.0,Semi-Urban,17,94.2,0.24,25.13
S58,2023,6,11350.0,Semi-Urban,17,111.4,,24.4
S58,2023,7,11350.0,Semi-Urban,17,16.2,0.24,19.19
S58,2023,8,11350.0,Semi-Urban,17,261.8,0.24,25.33
S58,2023,9,11350.0,Semi-Urban,17,95.1,0.24,27.09
S58,2023,10,11350.0,Semi-Urban,17,504.5,0.24,29.83
S58,2023,11,11350.0,Semi-Urban,17,330.7,0.24,32.59
S58,2023,12,11350.0,Semi-Urban,17,125.6,,32.07
S58,2024,1,11350.0,Semi-Urban,17,112.1,,24.01
S58,2024,2,11350.0,Semi-Urban,17,44.8,0.24,23.02
S58,2024,3,11350.0,Semi-Urban,17,213.4,0.24,26.36
S58,2024,4,11350.0,Semi-Urban,17,340.2,0.24,24.84
S58,2024,5,11350.0,Semi-Urban,17,42.9,0.24,23.18
S58,2024,6,11350.0,Semi-Urban,17,143.0,0.24,23.55
S58,2024,7,11350.0,Semi-Urban,17,197.6,0.24,23.56
S58,2024,8,11350.0,Semi-Urban,17,308.2,,27.52
S58,2024,9,11350.0,Semi-Urban,17,182.0,0.24,25.63
S58,2024,10,11350.0,Semi-Urban,17,239.4,0.24,31.8
S58,2024,11,11350.0,Semi-Urban,17,206.7,0.24,31.3
S58,2024,12,11350.0,Semi-Urban,17,97.6,0.24,27.92
S58,2025,1,11350.0,Semi-Urban,17,128.6,0.24,22.89
S58,2025,2,11350.0,Semi-Urban,17,206.3,0.24,25.06
S58,2025,3,11350.0,Semi-Urban,17,48.8,0.24,25.64
S58,2025,4,11350.0,Semi-Urban,17,120.1,0.24,26.68
S58,2025,5,11350.0,Semi-Urban,17,119.4,0.24,24.77
S58,2025,6,11350.0,Semi-Urban,17,98.1,,26.11
S58,2025,7,11350.0,Semi-Urban,17,165.5,0.24,25.52
S58,2025,8,11350.0,Semi-Urban,17,,0.24,29.44
S58,2025,9,11350.0,Semi-Urban,17,223.2,0.24,25.35
S58,2025,10,11350.0,Semi-Urban,17,354.3,0.24,30.57
S58,2025,11,11350.0,Semi-Urban,17,286.4,0.24,33.66
S58,2025,12,11350.0,Semi-Urban,17,164.9,0.24,29.1
S59,2023,1,7620.0,Urban,15,192.6,0.1,17.84
S59,2023,2,7620.0,Urban,15,36.0,0.1,16.13
S59,2023,3,7620.0,Urban,15,346.3,0.1,20.43
S59,2023,4,7620.0,Urban,15,146.4,0.1,19.93
S59,2023,5,7620.0,Urban,15,11.9,0.1,16.21
S59,2023,6,7620.0,Urban,15,197.4,0.1,17.82
S59,2023,7,7620.0,Urban,15,110.0,0.1,15.23
S59,2023,8,7620.0,Urban,15,100.9,0.1,17.13
S59,2023,9,7620.0,Urban,15,113.5,0.1,17.8
S59,2023,10,7620.0,Urban,15,355.3,0.1,23.9
S59,2023,11,7620.0,Urban,15,,0.1,24.68
S59,2023,12,7620.0,Urban,15,388.0,0.1,22.4
S59,2024,1,7620.0,Urban,15,289.6,0.1,18.88
S59,2024,2,7620.0,Urban,15,281.5,0.1,21.59
S59,2024,3,7620.0,Urban,15,97.1,0.1,17.88
S59,2024,4,7620.0,Urban,15,325.4,0.1,20.41
S59,2024,5,7620.0,Urban,15,264.2,,19.46
S59,2024,6,7620.0,Urban,15,14.9,0.1,14.84
S59,2024,7,7620.0,Urban,15,230.4,0.1,19.36
S59,2024,8,7620.0,Urban,15,,0.1,19.84
S59,2024,9,7620.0,Urban,15,145.7,0.1,18.56
S59,2024,10,7620.0,Urban,15,99.1,0.1,20.53
S59,2024,11,7620.0,Urban,15,41.1,0.1,21.58
S59,2024,12,7620.0,Urban,15,39.2,0.1,19.31
S59,2025,1,7620.0,Urban,15,316.2,0.1,17.94
S59,2025,2,7620.0,Urban,15,392.5,0.1,19.53
S59,2025,3,7620.0,Urban,15,307.6,0.1,20.05
S59,2025,4,7620.0,Urban,15,365.1,0.1,20.53
S59,2025,5,7620.0,Urban,15,353.4,0.1,19.06
S59,2025,6,7620.0,Urban,15,198.7,0.1,17.73
S59,2025,7,7620.0,Urban,15,81.1,0.1,16.63
S59,2025,8,7620.0,Urban,15,,0.1,19.2
S59,2025,9,7620.0,Urban,15,72.7,0.1,17.12
S59,2025,10,7620.0,Urban,15,206.6,0.1,21.19
S59,2025,11,7620.0,Urban,15,480.0,0.1,21.68
S59,2025,12,7620.0,Urban,15,338.9,0.1,21.94
S60,2023,1,10160.0,Urban,15,128.7,2.79,25.47
S60,2023,2,10160.0,Urban,15,87.1,2.79,24.78
S60,2023,3,10160.0,Urban,15,389.3,2.79,30.46
S60,2023,4,10160.0,Urban,15,121.5,2.79,24.3
S60,2023,5,10160.0,Urban,15,186.8,2.79,27.19
S60,2023,6,10160.0,Urban,15,114.7,2.79,24.72
S60,2023,7,10160.0,Urban,15,219.7,2.79,24.57
S60,2023,8,10160.0,Urban,15,204.9,2.79,28.49
S60,2023,9,10160.0,Urban,15,375.4,2.79,28.32
S60,2023,10,10160.0,Urban,15,467.8,2.79,29.49
S60,2023,11,10160.0,Urban,15,,2.79,35.29
S60,2023,12,10160.0,Urban,15,172.1,2.79,30.37
S60,2024,1,10160.0,Urban,15,106.0,2.79,23.63
S60,2024,2,10160.0,Urban,15,,2.79,23.3
S60,2024,3,10160.0,Urban,15,108.5,2.79,25.91
S60,2024,4,10160.0,Urban,15,21.2,2.79,25.04
S60,2024,5,10160.0,Urban,15,275.9,2.79,27.35
S60,2024,6,10160.0,Urban,15,88.4,2.79,22.23
S60,2024,7,10160.0,Urban,15,0.4,2.79,21.47
S60,2024,8,10160.0,Urban,15,15.6,2.79,23.23
S60,2024,9,10160.0,Urban,15,397.9,,29.83
S60,2024,10,10160.0,Urban,15,111.8,2.79,30.81
S60,2024,11,10160.0,Urban,15,241.1,2.79,31.29
S60,2024,12,10160.0,Urban,15,417.4,,31.22
S60,2025,1,10160.0,Urban,15,49.8,2.79,21.78
S60,2025,2,10160.0,Urban,15,,2.79,26.25
S60,2025,3,10160.0,Urban,15,42.9,2.79,25.3
S60,2025,4,10160.0,Urban,15,62.3,2.79,23.48
S60,2025,5,10160.0,Urban,15,366.6,2.79,30.1
S60,2025,6,10160.0,Urban,15,33.2,2.79,23.32
S60,2025,7,10160.0,Urban,15,163.4,2.79,26.38
S60,2025,8,10160.0,Urban,15,136.1,2.79,27.13
S60,2025,9,10160.0,Urban,15,122.6,2.79,27.18
S60,2025,10,10160.0,Urban,15,146.2,,31.93
S60,2025,11,10160.0,Urban,15,74.0,2.79,24.7
S60,2025,12,10160.0,Urban,15,68.8,2.79,28.71
